remaining_time,HI_LXJ,HI_SPWM,HI_FDJ,pitch,roll,yaw,test1,test2,test3,test4,test5,test6,test7,test8,clasees
1,1,1.00E+00,1.00E+00,0.00016873,0.03976,0.09224,83.92581808,24.15360922,37.61110311,94.65677454,67.76897096,85.91361704,48.40158589,36.66671568,1
0.998333333,0.99781,0.99982,1.00E+00,0.000169499,-0.05228,0.02383,9.943855139,0.770725669,26.41818827,85.77997698,84.48788505,38.84734007,86.31584803,29.2010536,1
0.996666667,0.99508,0.99769,1.00E+00,0.043078162,-0.0036,-0.05242,9.184101736,12.14625726,99.32336023,93.71344859,76.35514243,98.01890409,87.91704751,59.49501864,1
0.995,0.99436,0.99628,1.00E+00,0.570337713,-0.0828,0.01183,35.33140816,74.98085204,35.11805271,86.77688873,27.72868418,6.622782749,95.11892048,0.114934404,1
0.993333333,0.99292,0.99346,1.00E+00,1.089147449,0.02575,-0.07494,84.87389037,85.77534409,0.510802074,82.11120814,88.93640943,19.59092194,99.11076587,93.95121669,1
0.991666667,0.99145,0.99199,1.00E+00,1.448438406,0.07196,-0.08985,4.333469185,67.2724616,26.0931328,93.38897734,79.17455044,73.04536333,40.71597701,13.07846662,1
0.99,0.98938,0.99004,9.99E-01,1.44696188,-0.07756,0.0009,47.25901107,56.41225332,80.469618,87.41153914,44.3082956,55.14641382,10.12163518,24.58764654,1
0.988333333,0.98764,0.98746,9.99E-01,1.449850678,-0.0887,0.07922,83.91165074,7.311981444,79.57543771,48.52486673,3.441855578,96.47758469,93.45685176,34.35648759,1
0.986666667,0.98755,0.98611,9.99E-01,1.514648557,0.00866,-0.07923,16.52819407,47.84521758,95.79700383,74.58942255,81.94074681,78.38930124,17.8239029,38.43449328,1
0.985,0.98629,0.98326,9.99E-01,1.564334154,-0.06879,-0.04547,95.76478663,37.31619411,69.02096284,99.95828353,88.44935918,94.39350487,41.94989321,63.58709625,1
0.983333333,0.98374,0.98275,9.99E-01,1.072580218,-0.00393,-0.00807,75.23549342,79.80969383,30.32995955,5.666130559,82.05415782,57.90987904,78.5177185,77.10114849,1
0.981666667,0.98107,0.98251,9.99E-01,0.691699922,-0.07075,0.09696,25.85654372,31.86089182,27.12156943,89.12618855,22.56482131,36.01118299,94.39808389,48.91656722,1
0.98,0.979,0.98056,9.98E-01,0.691735625,0.06902,0.04412,7.795934208,58.74983069,62.26046808,4.213242534,23.51931883,97.35550674,14.26199527,78.69383346,1
0.978333333,0.9775,0.97864,9.98E-01,0.691758871,-0.08597,-0.09139,11.64870429,68.5583091,42.81883563,31.80036596,13.110931,77.87625678,61.28851254,80.08898271,1
0.976666667,0.97537,0.97852,9.98E-01,0.691777766,0.0194,0.01743,47.65748867,47.69967927,30.07467278,97.3798646,84.36429488,17.01285353,31.59946493,88.45961243,1
0.975,0.97498,0.97801,9.98E-01,0.691799164,0.06239,-0.06627,5.302012575,18.901842,98.52011037,60.74426523,62.45532425,60.52066514,96.15893536,74.08502758,1
0.973333333,0.97492,0.97546,9.98E-01,0.691820085,0.07371,0.0608,50.16954521,0.419115628,74.41345277,67.93399952,74.46875302,69.15165903,25.00845692,18.86875998,1
0.971666667,0.97285,0.97501,9.98E-01,0.69184047,-0.03998,0.02705,6.593503434,76.17282194,93.74374689,68.31892796,45.53213299,96.53555618,93.84432229,8.757088121,1
0.97,0.97183,0.97204,9.98E-01,0.691863477,-0.03922,-0.01301,96.42629375,75.85970711,50.05994402,64.38994625,1.544454938,83.39235891,25.81241078,89.91235102,1
0.968333333,0.96883,0.97054,9.98E-01,0.691882253,-0.04532,-0.05644,4.186702332,2.727315884,53.51048385,51.0930136,16.04058243,41.49190345,29.01111625,5.658438117,1
0.966666667,0.96622,0.96904,9.97E-01,0.691904306,0.08414,0.02606,2.315585902,50.55110905,97.05728947,13.55550279,29.96821488,98.58556387,17.90642064,67.18209338,1
0.965,0.9646,0.967,9.97E-01,0.691904306,-0.07247,-0.02415,15.21638795,4.540378136,35.1878746,85.29942344,88.42235445,59.52595718,48.56028867,33.61445107,1
0.963333333,0.96184,0.96661,9.97E-01,0.238761604,-0.02218,-0.06789,19.3835503,59.19863958,57.9805046,8.235622868,76.22343487,88.09402393,25.89594879,31.9858214,1
0.961666667,0.96052,0.96616,9.97E-01,-0.110074118,-0.029,-0.06806,8.160233352,44.12392133,48.64916078,79.26582399,73.84945304,39.2477567,44.18364352,77.24392412,1
0.96,0.95788,0.96574,9.97E-01,-0.142255679,0.00761,0.06534,21.73838855,17.44005286,64.31908647,76.60199088,14.48808042,56.17094401,97.42858922,97.27881376,1
0.958333333,0.95554,0.96457,9.97E-01,-0.14348495,-0.06617,-0.0616,92.84457161,40.36194264,43.50583254,57.40657743,71.09235684,72.85283967,94.16045597,71.03656314,1
0.956666667,0.95509,0.96376,9.96E-01,-0.1519977,-0.09678,-0.08004,20.54206406,52.30056692,48.75071085,94.95688276,47.0188004,72.19414289,99.62339573,79.29397316,1
0.955,0.95329,0.96199,9.96E-01,-0.152155861,-0.06354,-0.00253,3.664034726,0.647727655,98.1112542,12.23400519,68.37177463,39.99280079,70.72214232,71.81793599,1
0.953333333,0.95272,0.96013,9.96E-01,-0.153970838,0.02672,0.01987,31.70753127,52.99525369,85.58928422,90.50922636,12.16268536,18.61745331,76.23972692,85.9112958,1
0.951666667,0.95092,0.95905,9.96E-01,-0.165589705,0.01717,-0.09563,42.35403482,4.170744596,28.07335349,91.40043969,22.37156819,11.045044,48.44155161,33.83655122,1
0.95,0.95077,0.95722,9.96E-01,-0.171037793,0.06651,0.03354,5.427448614,24.06456641,5.588630982,68.67198158,9.121371565,95.32214405,94.20677884,75.86954918,1
0.948333333,0.94942,0.95542,9.96E-01,-0.179329306,0.06852,0.03351,54.70659891,15.00445076,32.04233174,22.81537573,54.31326314,92.44091112,95.69513579,29.26423483,1
0.946666667,0.94723,0.95428,9.96E-01,-0.180200115,0.08876,-0.04773,75.04092801,1.83292968,36.96412603,19.71718893,80.663515,29.91006329,2.615331872,39.4162897,1
0.945,0.94441,0.95311,9.96E-01,-0.180200115,0.07347,-0.02242,83.94465399,36.99147442,49.75477369,41.80395223,45.52851309,51.50185903,77.61181212,68.8558437,1
0.943333333,0.94309,0.95227,9.95E-01,-0.180200115,-0.01436,-0.0142,60.41389843,84.94696595,56.44397497,46.26976772,39.27078405,17.97648507,0.304000883,22.14518641,1
0.941666667,0.94123,0.95059,9.95E-01,-0.180200115,0.06803,0.05035,48.06343724,6.615974718,51.66981764,36.91122897,10.08980089,86.0337477,35.1772803,55.83498335,1
0.94,0.93955,0.94969,9.95E-01,-0.181042776,0.04516,0.03312,38.14241061,11.0913068,53.11945056,96.93436206,7.702038294,92.5002223,73.23142505,13.4247392,1
0.938333333,0.93787,0.94816,9.95E-01,-0.180856988,-0.02398,-0.02056,94.78057631,64.23852775,94.77512153,2.32663698,10.36576764,75.8572398,20.57834771,41.83612298,1
0.936666667,0.93634,0.9463,9.94E-01,-0.59676528,-0.0632,0.07038,73.83282897,94.371622,57.55211208,77.93390382,43.5691205,50.65972958,15.36056708,70.17067156,1
0.935,0.93409,0.9442,9.94E-01,-1.116860271,0.04906,0.02913,49.15442349,28.2248613,37.99410236,29.50309472,72.22847084,69.31866986,91.32125393,40.85875221,1
0.933333333,0.93328,0.94189,9.94E-01,-1.640690446,0.09006,-0.05562,72.1118071,73.35129952,41.13539582,80.98296703,75.75035149,76.32379871,58.84150374,81.06196226,1
0.931666667,0.93301,0.93898,9.94E-01,-2.168681145,0.05943,-0.01082,44.23630221,19.48676517,39.01159319,77.04596316,78.8065024,35.2610805,14.75310602,18.78403695,1
0.93,0.93025,0.93811,9.94E-01,-2.699101686,-0.03221,-0.04161,46.86215481,37.77493856,46.09814345,47.85095253,49.3091472,8.88742826,86.95531239,31.1013667,1
0.928333333,0.9283,0.93628,9.94E-01,3.040630341,-0.09269,-0.0211,49.62767334,51.25158458,68.48379724,26.98226501,29.76728912,9.34543618,26.72625942,85.30463648,1
0.926666667,0.92641,0.93403,9.93E-01,2.621949673,0.0369,-0.06175,63.46699765,90.73107254,98.86927838,29.79871818,82.90632,14.27291431,2.091318877,81.07251432,1
0.925,0.92509,0.93355,9.93E-01,-3.095100164,-0.09097,-0.08512,63.42258589,40.77561017,92.22300414,74.06180094,5.283895398,17.15666297,60.79562592,59.04315314,1
0.923333333,0.92476,0.93322,9.93E-01,-2.841619492,-0.00646,-0.09458,22.72710188,69.15572856,13.88466612,74.81003381,93.43131804,37.78704612,32.99530703,41.04138555,1
0.921666667,0.92374,0.93244,9.93E-01,-2.874501228,-0.09485,0.07346,19.71992429,83.7570775,74.44852615,66.16781281,65.36997502,82.45704077,21.81483173,2.812473459,1
0.92,0.92308,0.92971,9.93E-01,-2.78971386,-0.08481,0.06933,1.21916639,19.25287373,43.35622567,83.20296703,6.801887208,31.59528912,92.07034488,40.78080297,1
0.918333333,0.92284,0.92908,9.93E-01,-2.844185114,0.09033,-0.04644,97.36762266,25.80305471,92.82238881,76.17382958,91.15681849,5.717354674,64.05823589,87.5281677,1
0.916666667,0.92113,0.92689,9.92E-01,-2.841860771,-0.04339,0.02863,79.13574323,64.39626456,73.21531708,88.74389514,91.03101141,74.95682074,6.470694346,64.42305595,1
0.915,0.92014,0.92425,9.92E-01,-2.841860771,-0.08896,0.05372,33.20098819,46.29687983,5.277192007,74.73930722,97.00991815,11.08964501,56.37250806,54.15030594,1
0.913333333,0.91717,0.92242,9.92E-01,-2.848436832,-0.0553,0.06831,66.78595131,22.74761303,27.28202155,70.05646852,68.61313773,48.88059918,33.99974788,58.61987127,1
0.911666667,0.91432,0.92044,9.92E-01,-2.8604424,-0.00662,-0.06312,77.11322866,75.37914069,5.864191888,8.743766766,52.78908463,2.336627048,56.67546777,50.48152999,1
0.91,0.91279,0.91834,9.92E-01,-2.861721277,0.07474,0.06676,74.94911784,38.18063339,26.95413578,83.39160569,54.65611774,75.37380151,70.02273753,90.80357351,1
0.908333333,0.91093,0.91777,9.92E-01,-2.861721277,-0.08257,0.09898,37.38289103,79.72152083,41.67216338,83.05676536,98.78957417,87.84483468,50.29884202,66.63948803,1
0.906666667,0.90961,0.91477,9.91E-01,2.998673916,0.06454,-0.02371,81.42189072,71.78725401,37.24686525,54.6270762,37.90078666,17.0055275,34.61931029,6.212134433,1
0.905,0.90661,0.91285,9.91E-01,2.439779043,0.03674,-0.09781,93.06232422,82.5066015,10.85385111,68.99038734,10.08748934,21.26000322,18.73413173,43.09600517,1
0.903333333,0.90595,0.91012,9.91E-01,1.974442959,-0.07236,0.00888,62.87364828,93.9914384,10.05888566,75.74571606,22.87589527,42.07784274,46.56105495,65.06713231,1
0.901666667,0.90343,0.90781,9.91E-01,1.905212879,-0.09574,-0.06389,1.062305954,14.71525998,52.68956705,80.11651327,96.10626707,43.60643015,99.72166687,75.48844688,1
0.9,0.9031,0.90772,9.91E-01,1.907840729,-0.09025,0.02281,47.38249272,67.97933505,7.598873963,87.95880954,32.35774526,85.62183196,97.4475474,66.9185852,1
0.898333333,0.9016,0.90625,9.91E-01,1.899275661,-0.03443,-0.0803,77.9118435,20.83959717,73.49911122,14.30439215,80.90724112,45.0512446,18.31558659,69.8521703,1
0.896666667,0.89989,0.90592,9.90E-01,1.900384426,0.01981,0.03116,76.31319971,81.9192327,22.37101581,10.10512929,96.44469186,92.12933714,27.46597436,5.575977197,1
0.895,0.89839,0.90508,9.90E-01,1.894620061,0.05593,-0.01342,57.14741388,85.98482927,97.58761593,69.13473148,42.83949268,39.61203992,98.11727745,72.73092426,1
0.893333333,0.89539,0.90259,9.90E-01,1.888238907,-0.05956,0.02746,55.03078167,56.56601958,25.35073024,27.91439359,38.73091889,73.21938556,38.06408164,93.0247233,1
0.891666667,0.89452,0.90259,9.90E-01,1.889893055,-0.03117,-0.06075,1.34466795,26.07460286,66.13119434,58.01529267,48.95984451,57.5956805,5.331484689,99.11513376,1
0.89,0.89299,0.90214,9.90E-01,1.880229115,-0.06961,-0.06873,60.95406643,15.47712415,89.52975346,53.7635029,91.16243272,94.94760388,21.93511624,23.56905137,1
0.888333333,0.89014,0.90043,9.89E-01,1.873776793,-0.02984,-0.02054,22.24585677,45.48843027,37.04041372,70.72049143,94.1538826,33.81017099,28.31810048,22.87387627,1
0.886666667,0.89005,0.89992,9.89E-01,1.871861458,-0.0169,-0.06132,76.45897405,21.14947004,25.48325122,67.70626907,76.53014416,21.65278176,15.217019,46.76417375,1
0.885,0.88825,0.89932,9.89E-01,1.863296866,0.012,-0.06382,41.52398275,98.3498124,24.28028499,56.68003534,18.95735994,38.18467829,53.39663609,93.10023585,1
0.883333333,0.88546,0.8983,9.89E-01,1.851539254,-0.0715,0.01578,16.90425293,15.609067,57.76835846,67.469242,1.838797319,10.95622363,40.0935981,1.873065782,1
0.881666667,0.88249,0.89764,9.89E-01,1.843363762,-0.07772,-0.07852,28.92872532,64.33305701,13.70305468,58.1175134,92.13687894,33.09530238,19.10702837,24.04948497,1
0.88,0.88177,0.89596,9.89E-01,1.663407564,0.0582,0.04951,46.66952324,75.98185619,79.277776,13.69438366,42.04715617,52.81253852,65.15853772,40.05484847,1
0.878333333,0.87988,0.89401,9.89E-01,1.743674397,0.09276,-0.03241,18.31545469,89.27318141,69.26330357,53.8280358,63.85090896,51.42833276,58.13662968,60.25191361,1
0.876666667,0.87949,0.8914,9.89E-01,1.646830559,0.07127,0.07605,80.94795256,41.44818274,89.30645289,65.67993399,57.25496949,70.64133189,81.82218567,91.43181896,1
0.875,0.87841,0.88915,9.89E-01,1.645091891,0.03333,0.0046,4.226055462,77.61498891,48.0036446,25.82402355,95.32530322,84.39101306,94.21655252,77.08008465,1
0.873333333,0.87793,0.88822,9.88E-01,1.575410724,-0.01959,0.07758,47.10179055,9.47786518,53.7076528,40.11749659,51.26479266,27.73747189,98.95898856,29.33161421,1
0.871666667,0.87595,0.88606,9.88E-01,1.600398302,0.06765,0.09252,96.51300611,49.07414319,74.4747689,9.632694996,8.802443214,73.62168138,98.55593837,81.25156774,1
0.87,0.87334,0.88504,9.88E-01,1.59881568,-0.06011,-0.07966,65.84165217,18.59538208,90.74245213,3.583118902,26.60852837,64.73380243,50.12516097,55.82075839,1
0.868333333,0.87148,0.88357,9.88E-01,1.59702301,-0.00592,0.08536,69.97807162,19.61681721,14.18997843,66.63403103,4.893944781,2.954618221,92.90191883,64.59049306,1
0.866666667,0.87091,0.88276,9.88E-01,1.062598109,-0.02765,0.02492,13.88718193,23.8604685,19.03765858,5.597497144,55.88964863,5.488046502,70.04136303,77.19823249,1
0.865,0.86902,0.88201,9.88E-01,1.447349548,0.00603,-0.04335,28.05585187,23.76722587,58.79447695,90.23364673,44.02918296,48.79855572,78.22390251,28.02384779,1
0.863333333,0.86821,0.87907,9.87E-01,2.04788065,-0.04463,-0.05337,91.82013917,77.07386607,58.70489099,16.29252651,76.40185753,87.09116601,38.37135697,59.67855016,1
0.861666667,0.86548,0.87901,9.87E-01,1.537579298,0.09105,-0.04398,47.6756532,76.85046542,80.97289662,5.593124753,93.11988063,36.62846906,12.97312353,59.74378652,1
0.86,0.86389,0.87811,9.87E-01,1.132666111,0.05659,0.0702,27.14822128,23.56505912,9.694992606,10.18488862,61.11056191,36.99335322,91.14270902,5.46321126,1
0.858333333,0.86308,0.87625,9.87E-01,1.682489753,-0.064,-0.08914,4.095995166,84.55602115,55.96571689,8.835596147,71.3209685,0.791368444,71.05922484,81.77390098,1
0.856666667,0.86242,0.87451,9.87E-01,2.280882835,0.01472,0.06262,67.7142728,29.77745271,84.559217,37.15212216,35.4729003,7.687158058,3.277943979,28.63204574,1
0.855,0.85948,0.87313,9.87E-01,2.447164297,0.05952,0.02487,47.78794266,20.98417069,25.94555227,61.27843599,10.94351177,10.23591179,80.02779665,57.12338246,1
0.853333333,0.85723,0.87025,9.87E-01,2.934614182,0.0082,-0.05865,55.35479821,33.75443525,67.91432448,83.58736856,76.99513726,94.31903682,96.55814348,39.18019299,1
0.851666667,0.85456,0.86998,9.86E-01,3.086264133,0.04972,0.09658,48.62938419,93.02683418,6.913582967,36.8568974,51.08906588,14.44362922,72.9590406,93.61591848,1
0.85,0.8536,0.86962,9.86E-01,2.590274096,0.00561,-0.09719,12.35569144,44.80624883,21.19040774,25.7492996,10.28112714,73.9027395,3.32685612,9.012633298,1
0.848333333,0.85318,0.86821,9.86E-01,2.840861797,0.01082,0.08305,61.55515594,11.09708076,27.52730401,8.582499534,58.62284969,0.78917507,45.09204837,3.51366949,1
0.846666667,0.85177,0.86725,9.86E-01,2.759474993,0.06152,0.07928,29.79636817,70.14822207,49.63803855,53.31780345,41.65033832,48.42870775,79.74154861,3.329019659,1
0.845,0.8506,0.86662,9.86E-01,2.676065445,0.0577,0.01308,75.38537872,44.07339205,33.58795995,66.92424802,47.24107562,51.23654092,89.25015225,69.21027539,1
0.843333333,0.85018,0.86479,9.86E-01,2.116859198,0.03878,0.05557,59.51952343,43.5471906,26.12363065,14.51524515,5.941452057,57.10561687,10.84472032,46.31155164,1
0.841666667,0.84805,0.86335,9.86E-01,2.086447716,0.0296,0.03697,38.01841523,87.37510258,87.55492573,26.49460092,88.37733439,1.170271663,60.79180571,58.12623884,1
0.84,0.84775,0.86137,9.85E-01,2.63595295,0.05976,0.02199,11.41625088,63.43064582,72.56086387,6.267976529,28.25577708,58.94640142,37.41554525,83.52276757,1
0.838333333,0.84715,0.86083,9.85E-01,-3.092266321,-0.0916,-0.04381,43.57168101,35.69010839,98.24723941,69.62178771,38.94290414,23.98088709,49.27357477,32.18268357,1
0.836666667,0.84667,0.85942,9.85E-01,-2.878310442,0.08954,0.08271,38.99668193,72.42281626,31.61490406,80.39168847,88.60885357,83.05491236,57.38008909,30.31578047,1
0.835,0.84547,0.85726,9.85E-01,-2.778449774,0.07815,0.0057,53.15827867,78.2802758,93.69738302,11.12535081,56.50123418,89.992774,57.5924358,30.76329359,1
0.833333333,0.84523,0.85654,9.85E-01,-2.873165607,-0.06496,-0.08121,11.3108961,6.121807586,67.54806892,7.879613134,18.88380163,48.75410125,81.57350518,81.51415521,1
0.831666667,0.84253,0.85423,9.85E-01,-2.350772142,0.02875,-0.06614,4.780311657,40.29117834,94.13528423,65.97984145,72.62464496,33.42268935,26.74123996,1.70752321,1
0.83,0.84004,0.85219,9.84E-01,-1.807519197,-0.05507,0.04337,15.6429118,80.23159587,0.52717886,91.0547926,1.829017664,25.71759023,1.630293747,55.86724197,1
0.828333333,0.83734,0.85141,9.84E-01,-1.262145281,-0.05608,-0.06357,90.91857915,1.155106669,19.4647344,79.62817029,87.1306019,48.88495642,38.2466741,15.31940341,1
0.826666667,0.83587,0.8512,9.84E-01,-0.800859272,0.08276,-0.04348,67.5747749,1.485235354,23.53213275,99.20862384,3.074895504,56.70880295,78.29247335,88.70381362,1
0.825,0.83542,0.84886,9.84E-01,-0.744760334,-0.07198,-0.00947,90.79880099,8.967029298,21.22394919,34.39138843,20.3594205,15.13329354,53.44924874,14.58665816,1
0.823333333,0.8332,0.84856,9.84E-01,-0.737748444,0.08357,0.05987,94.70346237,39.71087028,9.610864744,35.34057239,6.897711556,15.80432037,23.41714897,78.48056658,1
0.821666667,0.83044,0.84583,9.83E-01,-0.735039115,-0.0201,0.03437,35.71690373,38.07219435,31.4643056,86.66678823,70.85970538,45.86912795,3.009770738,18.77346062,1
0.82,0.82963,0.84412,9.83E-01,-0.728706777,0.07734,-0.07705,76.13759163,71.91692274,81.42410238,51.74123801,51.89140827,38.21821717,24.67365708,69.98361541,1
0.818333333,0.82963,0.84364,9.83E-01,-0.718431652,-0.03307,0.05152,9.569662919,90.70646008,91.99040179,9.431495003,22.01549463,26.51621186,45.409974,54.55467075,1
0.816666667,0.82888,0.84343,9.83E-01,-0.707232118,-0.06518,-0.01016,14.65749258,6.021745767,4.249999153,19.04020686,5.93802814,48.42049141,79.75043814,54.45861536,1
0.815,0.82861,0.8413,9.83E-01,-0.697490454,0.0153,-0.08836,88.06941735,29.47526196,83.77559125,28.23185152,14.58987862,50.21838211,80.51904921,13.40967716,1
0.813333333,0.82579,0.83995,9.83E-01,-0.688313186,0.06907,0.05628,19.16651593,85.27092059,63.46990111,52.47007675,35.42973862,46.57500118,24.86441112,65.23599984,1
0.811666667,0.82513,0.83944,9.83E-01,-0.679161131,0.08922,0.01765,13.82970497,73.62535506,55.43055046,47.74696673,93.33076235,73.87424888,48.21705507,88.77237039,1
0.81,0.82423,0.83875,9.82E-01,-0.671970367,0.04517,0.0131,76.61168288,65.52991239,23.94998622,96.11141195,30.73133009,47.77499139,93.77945852,62.10513389,1
0.808333333,0.82258,0.8374,9.82E-01,-0.911986291,0.01197,0.09166,31.73291977,8.569034762,17.26315145,92.94872496,11.57072795,44.00518262,56.49777886,32.12212118,1
0.806666667,0.82159,0.83611,9.82E-01,-1.460526824,0.01821,0.06695,44.37426995,68.61961018,20.50213453,23.41454154,59.45193703,8.614880038,42.00607202,74.19822572,1
0.805,0.82099,0.83377,9.82E-01,-1.019456625,0.03626,0.03673,98.0472769,14.59410198,78.51217254,47.4456663,46.86035481,38.14041225,99.99829542,35.72020099,1
0.803333333,0.81844,0.83167,9.82E-01,-0.654076755,0.05238,-0.02558,54.64350698,83.16892889,25.08018819,29.69874528,22.90653683,17.71807662,6.416373902,7.762985393,1
0.801666667,0.817,0.82894,9.82E-01,-0.611254811,-0.05466,-0.02563,17.20893981,43.80165323,39.36798712,22.01604302,91.00501797,65.91294231,87.81705397,32.7654423,1
0.8,0.81406,0.82858,9.82E-01,-0.605019867,0.02049,0.04029,75.96680432,87.18666291,80.87950369,96.22612169,30.24878272,94.40719531,44.29850723,30.1776882,1
0.798333333,0.81283,0.82627,9.81E-01,-0.595412612,-0.09087,-0.03566,70.57855311,52.53281216,10.68240806,92.92888933,82.81795931,53.18093995,76.10090671,92.9881612,1
0.796666667,0.80989,0.82621,9.81E-01,-0.587359071,0.0359,-0.03721,63.07709144,77.75415497,94.14373569,0.478132809,94.04412978,96.28013005,19.15696393,75.29927513,1
0.795,0.80935,0.82432,9.81E-01,-1.165097594,-0.08211,0.06694,53.51032746,23.42733284,93.1079217,12.43335289,52.66254908,42.63387977,66.83854897,26.14795896,1
0.793333333,0.80908,0.82327,9.81E-01,-0.641981661,-0.08702,0.08997,25.12231186,58.44242446,72.90613361,49.987197,91.04702778,59.06946254,29.82321095,8.426657505,1
0.791666667,0.80677,0.82087,9.81E-01,-0.106623165,0.02945,-0.04993,99.21205175,47.20677939,73.10463728,45.70842237,67.31038897,67.98125101,12.16308739,4.040475177,1
0.79,0.80461,0.81967,9.80E-01,0.070380554,0.00214,-0.0343,89.468731,69.06450817,71.78081034,20.28104567,30.72079993,33.72205664,1.036084144,48.94205115,1
0.788333333,0.80395,0.8185,9.80E-01,0.070565581,0.01456,0.06279,2.925579351,18.10860858,64.25956926,28.69991294,11.13537913,22.90360624,53.37122738,11.2534336,1
0.786666667,0.8032,0.81739,9.80E-01,-0.504300773,0.08666,0.07228,86.3196139,42.41695387,74.66550806,14.41724522,40.95656908,6.33062138,21.11862053,35.7908111,1
0.785,0.80224,0.81625,9.80E-01,-0.040809762,0.09904,0.01003,19.29123383,72.84714164,75.78083227,24.13500786,11.53637717,52.71860424,12.44746465,3.626352108,1
0.783333333,0.80053,0.81445,9.80E-01,0.510265231,0.05415,0.01685,67.76851489,26.46543003,34.03459397,21.54932699,91.07181753,77.52273614,86.61610822,10.91578194,1
0.781666667,0.79831,0.81436,9.80E-01,0.840848625,0.09989,-0.03508,78.36840675,64.06351229,60.77108415,98.26909051,12.5891422,63.95365913,80.68363816,28.64510604,1
0.78,0.79654,0.81151,9.79E-01,0.843798161,0.05849,-0.01809,96.59437298,20.32528139,85.24957226,46.94722889,71.79630843,20.16924293,23.73651236,65.45422026,1
0.778333333,0.79567,0.80968,9.79E-01,0.843798161,0.09211,0.04888,76.90078422,92.4884705,1.271957554,74.45632567,39.1213122,15.1006088,28.08261523,80.49514683,1
0.776666667,0.79531,0.80683,9.79E-01,0.843798161,-0.05933,0.09945,92.25940342,82.70970033,88.07465804,50.62290033,77.51591372,86.86118857,70.56984551,48.79325215,1
0.775,0.79378,0.80563,9.79E-01,0.843798161,-0.05574,-0.04392,25.85364002,66.36851273,33.99777523,86.0858655,63.42774751,73.82441861,0.769323006,98.56977078,1
0.773333333,0.79177,0.80332,9.79E-01,0.902740121,0.0045,0.06049,49.07328151,23.78149003,86.11928774,70.50476894,55.88991179,35.05457455,61.95026988,89.17862511,1
0.771666667,0.7915,0.80167,9.79E-01,0.892364204,-0.09959,-0.01234,68.29282354,58.72118965,70.41002125,17.9570666,96.14806813,95.53473001,83.07453623,4.779352694,1
0.77,0.79138,0.79918,9.79E-01,0.884108782,-0.02552,-0.04248,51.99296246,37.9963571,5.769364473,54.41904921,89.09291823,12.08839963,86.58036135,0.391702543,1
0.768333333,0.79108,0.79711,9.79E-01,0.884128988,-0.07094,0.02859,73.61690683,85.8902507,85.00369034,88.14098476,81.8468438,14.66561497,63.1081958,68.7801538,1
0.766666667,0.79087,0.79507,9.78E-01,1.335642695,0.06697,0.00692,43.12032447,14.05976083,24.66597479,35.98774682,9.842020545,64.96122567,98.83196968,55.36140175,1
0.765,0.79075,0.79423,9.78E-01,1.335642695,-0.04692,-0.06431,82.26769276,8.121467179,98.78909438,32.60261459,24.75117688,61.70162614,34.74684659,72.56458899,1
0.763333333,0.79021,0.79303,9.78E-01,0.950872481,0.09216,-0.04358,27.20011034,12.05895448,43.98173661,29.64539021,26.77407195,41.83169195,72.96382527,63.515803,1
0.761666667,0.78907,0.79282,9.78E-01,0.888593256,-0.07328,-0.05231,3.135883213,11.01868787,93.9706721,58.7935116,31.46319221,45.64298443,96.6088271,20.23093553,1
0.76,0.78823,0.79084,9.78E-01,0.886913598,0.08046,0.0865,42.41535895,72.18900704,54.49207905,51.34391819,66.76261634,44.14341044,83.48994731,53.69419873,1
0.758333333,0.78805,0.79069,9.77E-01,0.886913598,-0.08591,0.0756,83.34510691,94.66231629,8.215689307,68.30313484,37.25431619,1.320390308,21.59615389,75.19603949,1
0.756666667,0.78682,0.78793,9.77E-01,1.153502107,-0.04183,0.05868,31.75934174,85.43105207,93.25891845,86.79183548,96.65598041,96.21043652,22.1938023,50.03944261,1
0.755,0.78649,0.78514,9.77E-01,1.169602633,-0.09039,0.08837,90.21191374,15.1239942,96.49645789,75.22993845,53.86491009,72.29153359,26.88191784,80.33180728,1
0.753333333,0.78574,0.78412,9.77E-01,1.186994791,-0.05878,-0.02543,5.604843864,34.74929875,57.96204441,11.27683944,41.32980649,62.31501747,59.83629118,50.89179519,1
0.751666667,0.78403,0.78259,9.77E-01,1.191393971,-0.09617,-0.07563,67.39753429,21.85016947,88.2436088,18.22932221,0.264274112,69.13712005,23.82176235,11.65609518,1
0.75,0.78271,0.78079,9.77E-01,1.204094052,-0.08056,-0.0211,41.88525708,72.67294459,65.11148846,69.75155077,73.44122399,68.40583568,92.4368191,10.2186902,1
0.748333333,0.78073,0.77893,9.76E-01,1.210800886,0.0197,-0.01273,2.331312826,50.0582007,27.20111502,73.11047859,59.94614805,27.0286886,75.24438895,3.880964457,1
0.746666667,0.7795,0.77716,9.76E-01,1.211111665,-0.0563,-0.07294,12.7112081,82.86052988,72.32864384,14.9608596,59.34452992,40.73489564,70.33046473,50.00635992,1
0.745,0.77791,0.77659,9.76E-01,1.211111546,-0.02963,-0.05573,86.45923913,2.666924381,68.10453031,73.21285581,61.15121836,29.80228416,27.96671592,77.90509582,1
0.743333333,0.77512,0.77476,9.76E-01,1.211111546,-0.09642,0.01645,75.33158478,19.6767568,21.00569255,83.08128671,80.98287533,14.57497371,88.55512255,33.72554918,1
0.741666667,0.77365,0.77296,9.76E-01,1.211111546,-0.03454,0.0415,96.57019844,53.41766276,38.36575278,28.85599596,22.25220369,26.51644672,52.63225341,36.48201941,1
0.74,0.77239,0.7711,9.76E-01,1.211111546,0.02598,-0.09857,64.05002364,92.91432145,70.67342598,47.8855499,96.03623295,40.98375938,66.65972579,98.32209304,1
0.738333333,0.77173,0.76918,9.75E-01,1.211111546,0.01116,-0.05955,51.2156435,66.46236665,38.41324744,53.39102779,96.15584942,54.78926563,71.83089265,36.49400629,1
0.736666667,0.76933,0.76849,9.75E-01,1.211111546,0.04346,0.00713,15.01289716,21.55747184,18.67641216,51.60569197,86.48676126,97.40606623,23.0191259,24.61934853,1
0.735,0.76846,0.7672,9.75E-01,1.211111546,-0.03332,-0.06938,31.05596056,20.9607556,94.20996623,23.81523491,76.64463198,17.67018143,38.0176116,55.15887627,1
0.733333333,0.76693,0.76663,9.75E-01,1.211111546,0.02871,0.06544,10.44090236,26.24951728,42.97154434,48.69401156,22.51301105,31.43003412,47.9150932,94.32161127,1
0.731666667,0.76456,0.76465,9.75E-01,1.211111546,0.07594,-0.08899,97.95695231,80.63619204,94.41667514,63.86053418,74.82369036,49.02681659,63.69945789,72.15310548,1
0.73,0.76324,0.76294,9.75E-01,0.813725591,0.0317,0.04877,68.91342378,48.90522493,77.0017347,3.066370827,34.65022297,45.21336323,52.52487075,79.49616403,1
0.728333333,0.76228,0.76114,9.74E-01,0.26675263,-0.09875,0.00942,82.64659776,55.53757464,36.25392406,55.93242405,70.60833848,35.17881129,11.39533513,67.05256615,1
0.726666667,0.76126,0.75892,9.74E-01,0.229374677,0.09499,0.07781,83.52236246,42.91998465,45.73016574,38.24743542,87.10281437,81.22987161,16.39384542,66.8810185,1
0.725,0.7597,0.75733,9.74E-01,0.229374677,0.05326,-0.04791,33.45580571,83.33952413,50.80452805,23.04437342,66.33566514,2.965107608,23.25600248,81.16900178,1
0.723333333,0.75964,0.75577,9.74E-01,0.229374677,-0.03275,0.03805,44.53130682,42.44074218,29.57144064,5.231690176,99.25314769,34.50366882,11.5047983,18.32924175,1
0.721666667,0.75718,0.75385,9.74E-01,0.230345741,0.05345,0.06287,78.82315621,77.32002599,43.16451845,15.37700496,75.32037127,26.36592354,13.85664337,95.66993864,1
0.72,0.75541,0.75151,9.74E-01,0.22781153,0.034,0.08123,42.26818588,78.27576997,16.59045853,68.51093751,62.30710701,32.11134122,44.0873062,21.26608365,1
0.718333333,0.75265,0.75004,9.74E-01,0.226523116,-0.01525,-0.07691,39.50160164,33.10543623,43.32856997,27.95835518,9.148356028,78.82109904,27.2702814,75.34009493,1
0.716666667,0.75046,0.74743,9.73E-01,0.227285162,-0.00238,-0.01105,23.88597637,86.41131231,14.20566203,79.17531054,8.13344248,39.66127886,14.52493981,92.60296547,1
0.715,0.75031,0.74638,9.73E-01,0.226744086,0.08159,-0.01284,26.49322841,48.70361969,70.60257725,66.59851991,62.44009661,43.36394962,87.73243896,54.20053003,1
0.713333333,0.74752,0.74398,9.73E-01,0.223919719,-0.09833,0.08166,31.4882138,70.08221763,27.65221789,44.04752099,56.56275355,23.38500455,49.26721168,73.26417226,1
0.711666667,0.74629,0.74302,9.73E-01,0.22001335,0.05652,-0.05728,77.71011628,23.19245666,47.01698093,84.49112266,49.93124578,15.16276719,86.58528982,50.7283364,1
0.71,0.74482,0.74206,9.73E-01,0.219676614,0.01576,0.02201,49.86928548,5.527352829,6.059469713,27.50951523,9.978484541,23.5391701,37.80858923,79.36547007,1
0.708333333,0.74218,0.74032,9.73E-01,0.223450661,0.1,-0.01173,1.051697157,56.21978326,61.81869945,6.481545638,98.02760332,83.69640144,92.06010333,22.68803619,1
0.706666667,0.7393,0.73981,9.73E-01,0.223026127,-0.09012,-0.08071,98.90073657,9.027600881,43.95858543,45.76087205,53.46426958,66.05681482,33.64351517,65.6473297,1
0.705,0.73687,0.73936,9.72E-01,0.223994613,0.03512,-0.01378,28.79870115,34.40109215,9.522011039,38.72507583,67.97041193,88.73495988,42.85071641,42.93784248,1
0.703333333,0.73486,0.73825,9.72E-01,0.225093499,-0.06964,0.09017,14.21477155,73.39774921,16.17095282,12.50083582,91.86567383,44.15693323,35.30993678,55.26144164,1
0.701666667,0.73201,0.73684,9.72E-01,0.210350692,0.03384,-0.03601,73.33944564,83.79780231,47.78177599,1.45533809,77.04569156,85.62599438,31.057685,52.69896159,1
0.7,0.73018,0.73666,9.72E-01,0.203851745,0.08486,0.08793,22.64281953,57.89593967,87.27935617,17.64598789,76.3124532,79.55187411,91.57909282,58.92471179,1
0.698333333,0.72874,0.73441,9.72E-01,0.196430504,0.09539,0.0034,81.79158737,94.73263783,65.4585772,78.08824677,21.29893292,35.46419965,4.964357626,69.65153718,1
0.696666667,0.72631,0.73309,9.72E-01,0.195997417,0.05378,0.06161,7.296462832,68.42875611,88.96626662,26.43677338,73.44752447,57.64750132,10.80040507,10.99749497,1
0.695,0.72628,0.73282,9.72E-01,0.195982948,-0.02257,0.05073,17.56442402,24.47454011,86.40972552,65.64742284,48.45354041,15.27722675,43.28253606,42.3358991,1
0.693333333,0.72403,0.73129,9.72E-01,0.195967227,-0.01255,-0.02761,64.79617207,56.16852106,97.09961988,40.95783647,12.27136402,62.52983725,85.91703403,96.54465669,1
0.691666667,0.72238,0.73054,9.71E-01,0.19595097,-0.0753,-0.06719,57.22274508,0.454731794,24.31754898,38.3254392,21.37121552,58.63989206,21.51490603,33.1453735,1
0.69,0.72013,0.72811,9.71E-01,0.195935085,-0.09516,0.06539,56.8089896,37.91759133,45.27117033,11.74307438,98.28844704,20.80976062,54.5354653,89.13032184,1
0.688333333,0.71965,0.72679,9.71E-01,0.195919245,0.02451,-0.049,80.67181334,48.01670773,2.305085047,31.83717037,57.15034895,9.23335848,86.82446746,93.48584559,1
0.686666667,0.71809,0.72538,9.71E-01,0.195903316,-0.0848,-0.08228,19.99862516,76.04557249,18.31258043,38.78983391,6.082660638,60.76576129,94.12954927,88.78061472,1
0.685,0.71617,0.72352,9.71E-01,0.195889249,-0.0446,0.05919,53.82170167,18.0764816,27.02472786,6.609122633,43.0428957,22.75773549,97.99419012,43.18811883,1
0.683333333,0.71422,0.72217,9.71E-01,0.195875436,0.03071,-0.01571,0.092906315,58.00481292,94.90669434,32.15788007,48.89163018,21.94297111,37.72605923,8.827805005,1
0.681666667,0.71176,0.72082,9.71E-01,0.195861876,-0.04171,-0.06188,69.01358415,19.32783178,67.70819273,63.30193404,15.40757305,92.38294569,84.00768884,15.55258816,1
0.68,0.70903,0.72052,9.70E-01,0.195846885,0.07277,0.03959,90.41947368,69.17262176,63.20970445,72.82739184,27.26363637,43.2811191,35.07299502,54.87703455,1
0.678333333,0.70705,0.71755,9.70E-01,0.195829764,-0.04188,0.01094,39.04950207,84.18939457,34.80026768,33.47888872,18.49921562,33.01919188,10.47516971,47.12783459,1
0.676666667,0.70627,0.71695,9.70E-01,0.195812449,-0.00556,-0.09813,53.48173503,81.3465235,16.34487832,2.656084881,13.09056415,73.7507331,14.04854895,55.51237669,1
0.675,0.70579,0.71644,9.70E-01,0.195795566,0.02858,0.09367,62.02610087,74.93009701,67.32409315,14.77596674,73.56701614,95.7540785,1.882396199,14.64055036,1
0.673333333,0.70318,0.71356,9.70E-01,0.195778787,0.00452,0.08842,43.41006127,95.12846092,87.22024405,9.829747657,85.92356433,48.94641326,33.12403664,98.77452427,1
0.671666667,0.7027,0.71356,9.69E-01,0.195763856,-0.01484,0.03342,48.65146782,60.61709388,68.0762944,59.43340281,34.47891565,99.12923281,37.33259989,88.49873,1
0.67,0.69991,0.71278,9.69E-01,0.195749179,-0.08713,-0.06685,82.67685327,36.05215322,76.79491759,45.51296844,15.87697149,10.01690156,87.18675136,59.91536193,1
0.668333333,0.69919,0.71107,9.69E-01,0.195734933,0.00475,0.04011,68.38474135,4.232672673,12.57683242,26.07254629,42.8542666,86.79286394,26.68451685,32.651112,1
0.666666667,0.69763,0.70966,9.69E-01,0.195719123,0.06919,0.00219,50.80250044,98.87273411,70.56287111,91.158382,1.324763208,30.81661186,83.19691204,86.53376749,1
0.665,0.69484,0.70858,9.69E-01,0.195719123,-0.02316,-0.02045,65.37137313,43.42500031,25.20679007,73.5323314,25.60064285,30.60366922,93.77849883,10.00012937,1
0.663333333,0.6931,0.70816,9.69E-01,-0.187168643,-0.0535,0.06127,18.93108605,44.9427526,91.54895213,35.36792888,49.64814894,97.360359,18.59583198,83.70802339,1
0.661666667,0.69208,0.70672,9.69E-01,-0.690110028,0.01699,0.01241,63.82980827,70.19703993,60.94322637,11.83707092,91.89342406,60.52230257,12.77086477,22.87894315,1
0.66,0.68983,0.70402,9.69E-01,-1.184461713,0.02141,-0.084,97.93558136,23.7770234,17.37151422,22.67387217,49.64389662,39.00582654,10.65312351,46.64215835,1
0.658333333,0.68779,0.70336,9.69E-01,-1.692509532,0.00622,-0.00139,6.113680255,36.81158262,63.15983184,4.474489751,52.1571437,50.46116934,70.98386151,81.71184959,1
0.656666667,0.68488,0.70315,9.68E-01,-2.025644302,-0.04526,0.09544,95.79200903,90.73480649,49.20316888,86.28666314,4.655867104,63.5510626,65.54747284,55.2725578,1
0.655,0.68404,0.70048,9.68E-01,-2.097378969,-0.03424,-0.00382,93.21134845,81.19197859,42.89574782,27.03407049,90.1223465,78.86614671,19.59946325,99.62444461,1
0.653333333,0.6814,0.69763,9.68E-01,-2.091655731,0.05145,0.00129,41.17285628,33.07551198,19.18848364,38.35502043,72.52640809,48.60680356,16.22882765,46.23347173,1
0.651666667,0.68119,0.69598,9.68E-01,-2.09557128,0.03042,-0.05085,71.13346181,28.77657426,20.40314131,23.25767978,81.79408918,48.23629866,15.51341653,83.74713834,1
0.65,0.67876,0.69481,9.68E-01,-2.092368841,0.07797,-0.0698,35.49364998,67.91901413,16.93504064,90.08053903,11.81960623,34.47666949,19.80309486,29.43333598,1
0.648333333,0.67846,0.69415,9.68E-01,-2.094369173,-0.01578,0.07403,5.812124268,68.97170145,55.18070407,79.91927221,80.13814933,21.43014593,91.71564056,95.54713976,1
0.646666667,0.67564,0.69169,9.68E-01,-2.090353966,0.04452,0.02918,85.73419836,15.94620496,9.178736437,25.83620865,27.65354578,76.46870084,66.94787994,62.16882586,1
0.645,0.67477,0.69079,9.68E-01,-2.088881254,-0.09659,0.04448,74.55418737,37.52643902,53.42973462,64.48279063,71.44705654,81.50294788,33.01063291,55.99585356,1
0.643333333,0.67456,0.69079,9.67E-01,-2.088963032,-0.07488,-0.03429,43.01832566,37.79084596,13.07864326,59.4797458,32.44616179,88.84915336,67.74943047,58.24620973,1
0.641666667,0.67225,0.68905,9.67E-01,-2.085900784,0.05424,-0.07593,90.07511095,11.05538765,21.23519658,75.01125209,8.307116282,57.91903659,81.77536245,31.69892926,1
0.64,0.67054,0.68629,9.67E-01,-2.084165096,-0.08392,-0.0064,84.56045583,62.99595925,30.16703801,87.7741581,94.8282768,14.24848217,60.53436986,97.90290089,1
0.638333333,0.6676,0.6835,9.67E-01,-2.083651066,0.00123,0.01311,34.55186192,30.90248478,57.12988902,77.62375161,55.45542587,63.21837618,34.69885498,4.627910047,1
0.636666667,0.66748,0.68179,9.67E-01,-2.088171244,-0.07434,0.08225,86.93581198,40.90048605,52.41966771,45.32721472,40.44098905,87.37973948,46.85983693,33.96293706,1
0.635,0.66694,0.67969,9.67E-01,-2.099050283,-0.03469,-0.07994,16.86322841,27.24075144,94.62253777,50.77346726,94.94795234,10.97081136,71.33464562,84.43465873,1
0.633333333,0.6649,0.67741,9.67E-01,-2.107905626,0.05527,-0.05811,86.74232348,85.3543327,52.79350681,74.06575874,72.71716294,6.378656777,4.914908962,12.70847416,1
0.631666667,0.66307,0.67672,9.66E-01,-2.110010147,0.09182,0.04549,2.784572454,36.41058032,77.74027065,93.53756716,60.55416685,92.63384444,33.89674849,38.43877767,1
0.63,0.66103,0.67579,9.66E-01,-2.10999155,0.07323,-0.09246,61.90273727,73.99446082,35.56547166,60.00451576,68.75125037,14.9453541,18.26556696,54.78084058,1
0.628333333,0.65977,0.67279,9.66E-01,-2.10999155,-0.01323,-0.08613,42.86027597,86.61195924,31.20505107,90.70572813,64.8125625,83.58422101,97.08695503,59.95209135,1
0.626666667,0.65914,0.67147,9.66E-01,-2.10999155,-0.05858,0.08124,56.29858627,81.91609818,49.66222982,79.35642201,12.77853762,31.41670551,20.00541079,55.16029901,1
0.625,0.65881,0.67117,9.66E-01,-2.10999155,-0.09067,0.07618,36.33174083,69.14259588,17.05425724,33.96692271,52.42670582,50.51384387,82.70906923,70.92832593,1
0.623333333,0.65641,0.66847,9.66E-01,-2.10999155,-0.02023,-0.04255,85.64731956,48.15143089,15.46318457,57.60166005,80.59034765,1.898374234,85.46338769,14.34847286,1
0.621666667,0.65533,0.66658,9.65E-01,-2.10999155,-0.0154,0.06568,53.58228651,38.06992756,88.5082998,8.123797027,99.8638223,91.66039846,25.1062314,66.25260344,1
0.62,0.65278,0.66433,9.65E-01,-2.10999155,0.07806,-0.06236,1.742108499,22.6843475,43.49370216,4.343780906,21.63062024,23.68776648,77.30075908,73.63943379,1
0.618333333,0.65044,0.66247,9.65E-01,-2.10999155,-0.06332,-0.0344,42.20988798,73.81262541,99.01889356,78.83492333,67.05207304,34.12823371,37.89517266,64.63479277,1
0.616666667,0.64744,0.66004,9.65E-01,-2.10999155,-0.02191,0.06411,85.22966609,86.71550602,22.36470764,54.52481351,45.08089401,24.95699553,2.096300539,29.50834378,1
0.615,0.64609,0.65854,9.65E-01,-2.10999155,-0.09021,0.06719,6.579408821,11.19148137,8.10373875,16.16959472,52.03113819,14.02216065,48.27293704,4.88173867,1
0.613333333,0.6457,0.65695,9.65E-01,-2.118977547,0.06405,-0.04518,53.05108549,34.37140709,9.016493988,96.17037773,57.79869296,40.48906946,88.60631945,20.38788021,1
0.611666667,0.64528,0.65695,9.65E-01,-2.125746965,0.01637,0.08352,3.841982146,3.265883336,66.30218923,95.46663303,38.17716758,55.41084587,9.185533889,7.458402957,1
0.61,0.64417,0.65512,9.64E-01,-2.140069246,-0.07571,0.03618,50.71163488,37.10447399,11.80141359,5.950989019,64.82233361,7.047132593,37.68178775,43.72318055,1
0.608333333,0.64237,0.65428,9.64E-01,-2.15033102,-0.08624,-0.06316,80.69085541,53.72140587,6.09733366,15.75378032,40.97006659,72.0484154,66.50076704,72.0196264,1
0.606666667,0.64114,0.65227,9.64E-01,-2.160927534,-0.07067,-0.04555,82.46139268,51.60804981,17.94342404,76.30119239,22.44903711,68.57678464,40.56290148,86.26860318,1
0.605,0.63817,0.64954,9.64E-01,-2.161972523,-0.04244,0.05845,45.69181727,68.82208557,88.56819192,69.73930255,11.30564739,90.3782948,70.37215849,59.6282821,1
0.603333333,0.63568,0.64792,9.64E-01,-2.161405563,0.06928,-0.02514,87.04849771,87.17576066,79.48936902,92.15683436,76.00836953,51.69443859,86.87296798,89.66006809,1
0.601666667,0.6355,0.64555,9.64E-01,-2.16903162,-0.09658,-0.08533,25.5936482,85.99295924,91.86420469,84.29918354,97.31050571,71.57041817,72.25642354,51.10681768,1
0.6,0.63409,0.6436,9.64E-01,-2.178611755,-0.04757,-0.03607,63.09499214,25.29096023,15.89996385,72.54252684,20.69552036,22.29556452,10.62931949,31.49285013,1
0.598333333,0.63322,0.64225,9.64E-01,-2.184244394,0.09581,-0.03522,69.26460155,38.73087837,31.01517369,67.36517312,49.84657365,67.9370749,1.679296069,73.85623353,2
0.596666667,0.63271,0.64189,9.63E-01,-2.184332848,-0.08387,-0.08013,35.91460474,7.955851847,22.51545612,32.25171224,54.86342292,4.465553482,45.91247754,61.8632012,2
0.595,0.63142,0.63973,9.63E-01,-2.184332848,0.05813,0.01446,11.794933,29.53163633,81.94938055,92.07856624,5.095984884,2.946016054,17.67658079,59.47897727,2
0.593333333,0.6307,0.63913,9.63E-01,-2.184332848,-0.03521,-0.06734,4.480381306,42.76500014,21.67387632,33.71989067,65.7958575,16.5986333,57.03468014,97.79814124,2
0.591666667,0.6307,0.63763,9.63E-01,-2.184332848,0.08839,-0.06786,36.12357846,98.38600055,12.20528597,83.60226263,8.705790899,97.53481895,23.97313707,51.32149714,2
0.59,0.62854,0.63718,9.63E-01,-2.184332848,0.03351,-0.09691,29.50376225,52.91858472,5.901296528,18.68001849,82.22855365,14.69620699,34.21447658,96.66598723,2
0.588333333,0.62773,0.6355,9.63E-01,-2.184332848,0.0602,-0.03876,45.95300941,9.592766629,73.83507191,4.766387136,26.77720206,13.92503545,29.60232707,54.95544753,2
0.586666667,0.62659,0.63529,9.62E-01,-2.184332848,0.07237,-0.09124,68.47465213,74.00978252,57.02953829,18.85955433,48.20216059,15.27832103,38.21031178,9.850084734,2
0.585,0.62605,0.63505,9.62E-01,-2.184332848,-0.03235,0.04394,87.09800285,14.03189183,29.40406565,25.21441268,15.69155366,15.20061646,43.45214514,71.91376345,2
0.583333333,0.62458,0.63499,9.62E-01,-2.184332848,0.03906,-0.01246,93.14354725,62.60694685,74.63044982,19.56215204,86.15039398,34.24700566,28.30208161,1.89230889,2
0.581666667,0.62338,0.63379,9.62E-01,-2.184332848,0.06697,0.08992,37.52866662,65.65815801,55.97844757,40.79421185,61.90228808,38.93946694,55.59575106,42.2838056,2
0.58,0.62179,0.63331,9.62E-01,-2.184332848,-0.09476,-0.00439,15.29345234,21.33246251,91.13607733,83.64642613,86.45105759,45.59872308,64.98466238,86.7444367,2
0.578333333,0.6211,0.63325,9.61E-01,-2.184332848,-0.06413,0.05707,90.43948294,78.9921232,43.6591472,4.113916513,65.21855832,68.4284364,61.53440353,4.321185351,2
0.576666667,0.62065,0.63028,9.61E-01,-2.184332848,0.08607,-0.06299,11.30771143,80.79364046,59.23097937,10.79798905,62.09223972,47.04770111,75.08926726,71.8209696,2
0.575,0.61924,0.62917,9.61E-01,-2.184332848,-0.07545,0.01353,93.73001615,34.93035342,48.85918737,72.63431863,81.7389016,14.55319886,41.42258739,53.00290517,2
0.573333333,0.61636,0.62686,9.61E-01,-2.184332848,-0.08619,0.08508,99.12062058,96.86525837,25.5136596,54.36690499,64.36322375,3.327219289,27.27704784,12.805962,2
0.571666667,0.61546,0.62413,9.61E-01,-2.184332848,-0.07236,-0.00705,13.12760147,98.23645328,80.51553861,88.96422743,46.14759332,92.14719254,94.11618626,74.34958836,2
0.57,0.61519,0.62167,9.61E-01,-2.184332848,-0.00492,-0.02889,83.09904096,57.81428468,62.89364971,67.79323185,5.239059346,52.79823678,80.74722323,95.46412001,2
0.568333333,0.6136,0.62113,9.61E-01,-2.184332848,0.03638,-0.01191,19.66762819,49.93106423,78.46605043,20.36171113,78.26223529,98.74627625,39.13550733,15.17619465,2
0.566666667,0.61234,0.61999,9.61E-01,-2.184332848,0.0381,-0.04647,73.87608042,64.59530673,59.7828746,96.68187121,5.416299222,85.35096998,74.29309048,75.83164788,2
0.565,0.61222,0.61717,9.61E-01,-2.184332848,0.09061,-0.04952,24.79796649,61.53376635,24.30775999,98.91492023,60.66830435,8.378627911,60.84677545,93.34374617,2
0.563333333,0.6103,0.61648,9.60E-01,-2.184332848,-0.00797,-0.08658,13.66320054,97.57245581,56.56938112,36.36866479,85.7205955,36.74484465,40.72244787,32.07147636,2
0.561666667,0.60892,0.61576,9.60E-01,-2.184332848,-0.04441,0.01741,4.423464898,16.53386753,61.57572691,69.97459932,77.32450516,14.23043635,53.57046575,67.99600037,2
0.56,0.60592,0.61504,9.60E-01,-2.184332848,0.06738,0.08774,28.5646576,56.29232522,33.89913662,21.90806821,91.95100332,17.37994027,39.33373555,15.46769072,2
0.558333333,0.60559,0.61216,9.60E-01,-2.184332848,-0.08195,0.01487,82.36915043,19.96667297,55.07578107,10.59252987,88.19145703,4.317528833,86.87288625,33.90496485,2
0.556666667,0.60325,0.60982,9.60E-01,-2.184332848,0.0519,0.02195,72.80618247,62.29528536,35.34488736,13.63545116,58.08411965,26.6586533,86.10717741,21.3698439,2
0.555,0.60097,0.60775,9.60E-01,-2.184332848,-0.08298,0.03144,98.91662657,11.71863158,70.27044353,64.48965987,37.72232592,54.12240817,42.37457009,3.995969319,2
0.553333333,0.60046,0.60694,9.60E-01,-2.184332848,-0.00169,-0.04549,83.63065792,35.95599103,62.4494904,65.19615667,66.06932323,28.08298345,73.06992479,98.79802124,2
0.551666667,0.59869,0.60475,9.59E-01,-2.184332848,0.02174,0.0269,75.4141726,80.12121315,45.20362726,36.37173999,42.61261475,23.8749421,51.06695988,91.9789017,2
0.55,0.59833,0.60268,9.59E-01,-2.184332848,-0.09193,0.03967,83.29529812,26.0461089,36.33546204,5.675694176,52.8395262,1.583736531,80.45726512,39.89067695,2
0.548333333,0.59641,0.60073,9.59E-01,-2.184332848,0.00377,0.03207,36.97121133,74.80503973,25.87796389,57.95139136,67.06734178,54.2003723,48.97100889,16.09719417,2
0.546666667,0.59629,0.59917,9.59E-01,-1.811868906,-0.04773,0.08547,61.91297982,82.77389517,62.90055028,86.08657805,41.83624197,4.051293175,84.48913217,61.09601043,2
0.545,0.59503,0.59878,9.59E-01,-1.54543364,-0.0215,-0.05198,98.79944786,65.98556666,13.5258666,94.89880067,63.81567216,43.94714197,92.45204738,1.95308948,2
0.543333333,0.59395,0.59845,9.59E-01,-1.530107021,-0.03352,-0.0901,71.43789474,98.57985617,85.6706862,53.26028607,9.278366822,9.424316392,38.69463881,28.38777731,2
0.541666667,0.59251,0.59554,9.58E-01,-1.515778661,0.09632,-0.07169,22.62322193,67.97470124,1.808860747,75.40453092,37.13529885,82.44585338,44.58670892,61.56607765,2
0.54,0.59215,0.59455,9.58E-01,-1.508681774,-0.03317,-0.04936,76.13702796,99.51638947,22.01971133,74.59219078,79.93152244,53.31831692,24.83787805,22.56819645,2
0.538333333,0.59179,0.59233,9.58E-01,-1.499556422,0.04116,0.09696,50.98205833,39.53321478,54.96236745,26.73125274,30.00953052,81.866114,75.66081692,3.523265766,2
0.536666667,0.59005,0.59227,9.58E-01,-1.500622272,0.06229,0.00881,53.71661924,50.63741189,94.55280012,0.111709786,89.47006785,85.68664812,80.80939498,50.45781315,2
0.535,0.5875,0.58978,9.58E-01,-1.500622272,-0.03716,-0.04346,44.03817241,9.026199635,37.24732617,50.10568705,81.70603229,54.35430579,94.36523641,50.40895464,2
0.533333333,0.58717,0.58933,9.58E-01,-1.115077376,-0.0836,-0.01822,72.29990525,58.71450359,68.65767703,57.73604051,31.58743184,67.77818547,5.038242231,70.27460931,2
0.531666667,0.58546,0.58897,9.57E-01,-0.560214043,0.002,-0.01265,86.69618435,79.44318578,78.59903866,61.94865655,86.22096252,79.28507837,18.70561799,96.22960098,2
0.53,0.58519,0.58663,9.57E-01,-0.089692056,-0.06913,-0.09975,41.38964429,41.23699853,40.65568965,99.17419133,70.7391924,83.16947322,62.82798404,33.9868811,2
0.528333333,0.58243,0.58432,9.57E-01,-0.051498696,-0.08944,-0.0753,86.36365771,13.49466137,26.92691214,88.45048364,37.88348514,41.61883997,93.56303979,96.80371532,2
0.526666667,0.5812,0.58372,9.57E-01,-0.049962543,-0.01991,-0.0491,24.43583361,44.77260328,40.94357331,23.08150739,13.43566201,67.88808802,67.53043317,23.46863494,2
0.525,0.57892,0.58165,9.56E-01,-0.04884062,0.02664,-0.03486,66.87201118,46.86804151,2.604748223,55.27958345,28.15104674,53.24540605,53.94265476,5.880330039,2
0.523333333,0.57826,0.58153,9.56E-01,-0.038108051,0.01269,-0.08766,22.4115081,41.99639718,83.52170956,63.58767279,92.08781251,31.02461463,29.78992813,20.55064077,2
0.521666667,0.57604,0.57862,9.56E-01,-0.038348466,-0.08403,-0.06056,13.96832652,41.92203638,97.21365757,80.704438,96.6248337,43.35591495,34.64442406,33.67153887,2
0.52,0.57406,0.57643,9.56E-01,-0.028333455,0.05694,0.00609,32.49122574,87.90208262,98.41380929,82.51521635,93.99819503,61.11973224,81.75715558,63.62419649,2
0.518333333,0.57214,0.57526,9.56E-01,-0.024938332,0.06781,0.03905,28.39732684,7.673737753,76.41295465,46.90786983,42.3082211,27.13613577,45.0362916,46.04242583,2
0.516666667,0.57013,0.57526,9.56E-01,-0.014092503,0.01071,-0.04108,77.23758653,29.33727519,56.51186226,98.27699773,22.60725388,92.88683024,49.24858072,36.7813858,2
0.515,0.56998,0.57487,9.56E-01,-1.67E-05,-0.04049,0.037,66.78973861,55.2725948,53.72555165,87.74084259,82.38281773,45.47498778,75.49673207,38.99996403,2
0.513333333,0.56779,0.57442,9.56E-01,0.013174124,-0.07828,-0.02354,69.84390976,39.54021054,94.45944533,7.555535373,66.64406684,17.05863216,92.8704015,53.98635543,2
0.511666667,0.5668,0.57307,9.56E-01,0.013174124,0.09139,-0.02649,43.86131126,70.88700009,49.93370516,90.99946326,7.21391181,64.57019649,50.89158273,68.72155428,2
0.51,0.56515,0.5713,9.56E-01,-0.352767706,0.0834,-0.05161,18.35352419,53.89799769,35.29342892,48.73249861,20.54419454,15.34758371,17.02975989,26.79421536,2
0.508333333,0.56386,0.56953,9.56E-01,-0.692344189,-0.00667,0.01712,4.129540342,19.586303,51.07229654,74.46936497,50.42876048,40.79840467,12.58096616,10.30928237,2
0.506666667,0.56239,0.5695,9.55E-01,-0.732137382,-0.05279,-0.06762,42.62071515,27.74900694,14.05776992,77.47332896,69.71592407,50.63708178,95.11794864,58.11796266,2
0.505,0.56044,0.5686,9.55E-01,-0.739936471,0.04798,0.03627,44.14959468,28.01244756,7.221331237,9.920660972,6.351579482,93.95928267,85.75586789,98.89823219,2
0.503333333,0.55906,0.56779,9.55E-01,-0.754248321,-0.01806,-0.05236,41.02579606,62.30298002,58.84975645,13.70205775,51.71385449,53.3940342,93.67128932,44.89619429,2
0.501666667,0.55663,0.56644,9.55E-01,-0.754248321,0.07056,-0.09599,45.43804081,26.78761374,96.6053152,69.06639515,33.15291042,27.43425383,35.98761482,70.85108574,2
0.5,0.55447,0.5635,9.55E-01,-0.754769385,-0.08254,0.06409,17.44204376,46.14676096,98.96421957,30.8160001,84.9182305,36.55672829,42.12386712,90.8414607,2
0.498333333,0.55342,0.56188,9.55E-01,-0.758438289,0.02098,-0.03384,14.17931891,17.93481519,35.77087938,3.616946359,93.26936296,1.794348717,2.671874533,72.8472951,2
0.496666667,0.55084,0.55921,9.55E-01,-0.757392943,0.07119,0.04206,98.30769834,13.59621698,6.854001855,12.76073226,34.26214832,23.99679973,7.720464847,46.99336319,2
0.495,0.55042,0.55621,9.54E-01,-0.75739342,-0.04141,0.07378,3.758287145,44.52439183,21.64208767,39.83165769,35.11467693,86.47564711,76.79970418,37.16973151,2
0.493333333,0.54748,0.55426,9.54E-01,-0.75739342,-0.07253,-0.02429,51.41977885,70.37800221,16.71649266,10.36531178,81.47455847,20.9493738,45.36402369,70.54565927,2
0.491666667,0.5473,0.55417,9.54E-01,-0.75739342,-0.00844,0.03595,81.86412808,92.04267388,74.7884541,16.07018179,7.048863428,28.43346463,94.15059534,27.89505307,2
0.49,0.54685,0.55285,9.54E-01,-0.75739342,-0.08165,0.0859,69.03290818,76.23438928,16.58049746,96.41564539,98.69681689,12.7199,39.44707934,14.0461473,2
0.488333333,0.5464,0.55249,9.54E-01,-0.75739342,0.09881,0.02976,17.72881888,77.35440992,21.29044815,75.93148948,6.721045224,64.75784047,58.15926525,52.19243926,2
0.486666667,0.54619,0.55015,9.54E-01,-0.75739342,-0.07419,-0.00338,95.82163582,69.4352104,4.548126543,77.50362497,69.34440679,93.64759596,67.87241481,50.20549595,2
0.485,0.54421,0.54862,9.53E-01,-0.75739342,-0.07521,-0.09975,38.13339734,84.70237538,85.57254688,5.230198374,45.2157169,68.31120555,4.957179886,2.492264161,2
0.483333333,0.54139,0.54739,9.53E-01,-0.75739342,-0.0273,-0.00537,64.46019276,64.52151025,25.79987247,78.51097475,43.35634429,20.15702673,65.85953449,6.011754049,2
0.481666667,0.53977,0.54517,9.53E-01,-0.75739342,-0.06495,-0.04471,77.422702,98.43474244,24.53904054,15.86239721,52.14559388,13.19634438,52.91676858,29.40435292,2
0.48,0.53806,0.54316,9.53E-01,-0.75739342,-0.09545,-0.00487,35.63762328,24.1201686,95.16242361,43.91222749,66.46890653,32.97249634,25.70293347,39.47532502,2
0.478333333,0.53638,0.54172,9.53E-01,-0.75739342,0.06251,0.01689,64.61413568,65.80921548,47.96081698,69.23697233,47.65561972,24.73884755,52.73023586,77.3837906,2
0.476666667,0.53512,0.53989,9.53E-01,-0.75739342,-0.03577,-0.07153,60.59159425,76.93764075,36.98338656,33.21915148,90.43025716,47.27956073,99.15039923,29.39091141,2
0.475,0.53308,0.5389,9.53E-01,-0.75739342,0.08415,0.02827,67.21291436,73.80842319,39.86587954,23.06977225,64.79936904,47.88041273,55.29078611,9.265059459,2
0.473333333,0.53086,0.538,9.53E-01,-0.75739342,-0.04338,-0.07899,67.63799885,70.47196743,82.70789005,69.23870244,63.34162081,48.50634245,58.39094906,41.66008662,2
0.471666667,0.52834,0.53743,9.53E-01,-0.757393599,0.04617,-0.05644,10.77303039,22.92680756,62.93807769,59.21657946,52.7557783,14.02263998,74.14101142,45.42922295,2
0.47,0.52831,0.53458,9.53E-01,-0.757393599,0.08822,-0.0601,13.17828188,80.09033352,15.91469999,34.74471077,44.80690254,9.805839116,43.55780804,59.89704008,2
0.468333333,0.52756,0.53314,9.53E-01,-0.757393599,-0.04141,0.08176,36.9594991,7.894140666,1.855225733,78.63183535,60.22616631,50.94371017,11.55405741,10.37318148,2
0.466666667,0.52666,0.53287,9.52E-01,-0.757393599,-0.06208,-0.03736,63.17046796,18.24661155,65.04462907,65.42660613,17.2840287,18.7468124,36.75657221,91.14871402,2
0.465,0.52477,0.53086,9.52E-01,-0.757393599,-0.08123,0.04327,4.64813275,46.62031326,87.06048145,84.03036591,49.74023292,15.6406021,78.26877649,96.53631682,2
0.463333333,0.52291,0.53002,9.52E-01,-0.757393599,-0.05017,0.04072,31.97177762,31.56037964,65.63546471,78.24590539,28.5100951,87.72750068,75.36222204,36.42065059,2
0.461666667,0.52243,0.52747,9.52E-01,-0.757393599,0.07447,-0.07216,56.35023912,15.60458308,66.88721088,29.43826535,27.40053002,27.85450887,7.422141117,6.910361968,2
0.46,0.52051,0.52615,9.52E-01,-0.757393599,0.07277,-0.05105,5.692744098,77.09869989,25.64275289,8.32542031,43.47097858,98.98102914,94.79559631,74.49600374,2
0.458333333,0.51907,0.52576,9.52E-01,-0.757393599,0.07465,-0.01538,3.829069791,99.74438247,3.546067115,15.33293075,52.93398746,96.99160323,26.10340379,35.42182895,2
0.456666667,0.51664,0.52513,9.52E-01,-0.757393599,-0.02563,0.09695,52.5030496,23.04293342,8.808348787,13.65285911,63.26318849,55.76638575,79.69654302,30.23322931,2
0.455,0.5155,0.52507,9.51E-01,-0.757393599,0.09463,0.01782,2.718829442,38.128673,93.61347414,62.92230603,51.5211376,74.6450937,88.54371639,23.39877892,2
0.453333333,0.51448,0.52309,9.51E-01,-0.757393599,-0.06462,-0.05915,46.04022358,73.2597031,33.25085849,16.2642101,7.700895112,97.61482585,72.46556402,11.49147173,2
0.451666667,0.51358,0.52219,9.51E-01,-0.757393599,-0.00164,0.07369,85.4882331,98.27648141,27.11784933,24.96126053,37.16871198,7.142921061,89.52973218,1.037716578,2
0.45,0.51319,0.52144,9.51E-01,-0.757393599,-0.09904,0.00663,67.85427275,1.311917062,65.30209005,5.710044313,26.06406164,57.98443457,84.76995106,77.39850894,2
0.448333333,0.51157,0.51916,9.51E-01,-0.757393599,-0.07409,0.06332,85.38530843,49.47798698,9.381248767,49.44047764,69.64902688,77.33241176,9.367337251,57.92199714,2
0.446666667,0.51025,0.51805,9.51E-01,-0.757393599,-0.0477,0.09885,9.623705357,79.85575782,21.16858437,70.69131805,23.31533778,63.21547921,10.13304138,16.14212941,2
0.445,0.50794,0.51745,9.51E-01,-0.757393599,0.04997,0.03231,47.55364152,80.10225989,21.32971844,15.24817046,77.71830656,32.97256651,9.239642131,46.60221942,2
0.443333333,0.50617,0.51577,9.51E-01,-0.757393599,0.08441,0.02619,11.08139976,54.10031167,36.89940711,78.19371099,44.98298478,21.16704733,0.018989386,8.854651204,2
0.441666667,0.50569,0.51352,9.51E-01,-0.757393599,-0.07325,-0.07231,94.74737871,23.51228431,61.3163891,39.86378563,69.59416515,25.87590828,29.0673799,44.64701865,2
0.44,0.50506,0.51202,9.50E-01,-0.757393599,0.02981,-0.06498,27.11716655,95.69972098,55.33455931,77.96646103,47.10786923,84.55085245,59.28946015,57.89890092,2
0.438333333,0.50434,0.50941,9.50E-01,-0.757393599,0.01144,-0.03676,17.64614491,76.18174359,56.25184446,28.54154739,73.95084097,90.89713793,55.74906484,65.87328302,2
0.436666667,0.5026,0.50692,9.50E-01,-0.757393599,0.09891,0.03421,23.86339766,3.610220624,79.27457502,60.07632996,25.84776553,9.750590314,76.65429919,83.60168301,2
0.435,0.50116,0.50578,9.50E-01,-0.757393599,0.083,-0.06184,91.57297128,5.579262315,41.11258376,90.65208946,32.39145359,55.07795358,5.556718099,25.3520454,2
0.433333333,0.49966,0.50302,9.50E-01,-0.757393599,-0.01808,-0.00804,85.80515971,87.13224495,71.82490322,38.71129286,38.38143791,16.40451965,7.964415121,4.643289473,2
0.431666667,0.49693,0.50146,9.50E-01,-0.757393599,0.0562,0.03992,6.693420504,75.97319328,47.51087123,43.47781459,28.03375579,59.23713306,57.63044735,63.08436768,2
0.43,0.496,0.49981,9.49E-01,-0.757393599,-0.05841,0.01098,20.09766277,95.58749654,49.24125539,31.89841012,54.07689071,5.484925312,90.18740809,77.16832425,2
0.428333333,0.49498,0.49894,9.49E-01,-0.757393599,0.07368,0.0536,41.5083695,80.14733541,32.57135093,29.73611211,23.75124505,10.70072445,89.97067503,62.81619555,2
0.426666667,0.49234,0.49594,9.49E-01,-0.757393599,0.03803,-0.01724,82.73358345,50.69411767,83.31253581,99.80619492,68.21063484,77.32216482,1.162936763,19.3549575,2
0.425,0.48949,0.4948,9.49E-01,-0.757393599,-0.08193,-0.05228,89.58199126,72.81101457,22.6829587,82.21371504,88.77932049,62.62860459,7.200054753,74.620278,2
0.423333333,0.48841,0.4945,9.49E-01,-0.757393599,0.09915,-0.04893,24.86103243,42.19648304,50.2633665,66.15576637,39.66927521,18.47706065,85.23982735,78.20682139,2
0.421666667,0.48682,0.49444,9.49E-01,-0.757393599,-0.0996,-0.07744,72.00583738,54.39642989,64.53423696,60.45278262,36.49891019,21.9226428,40.77559184,60.17560291,2
0.42,0.48514,0.49396,9.49E-01,-0.757393599,-0.03524,0.08231,82.94317276,94.53516889,9.638634511,10.50925298,95.78347185,8.691575149,76.2675265,87.28914354,2
0.418333333,0.48289,0.49198,9.49E-01,-0.757393599,-0.05865,0.05989,33.32312318,50.34037766,37.59355997,56.9365756,89.64438364,23.47718418,52.42985113,1.745826555,2
0.416666667,0.4819,0.49051,9.48E-01,-0.757393599,0.02815,0.00791,60.54555738,69.34273937,81.03724524,64.47154958,30.06748596,7.287464852,98.89493448,63.36439835,2
0.415,0.48037,0.48958,9.48E-01,-0.757393599,-0.06425,0.04763,94.89676688,17.20138141,84.85788735,46.23259867,34.24331099,22.10981776,57.72965069,63.52459066,2
0.413333333,0.47788,0.48865,9.48E-01,-0.757393599,0.04468,0.0737,45.58587545,55.85112397,79.94753545,77.10605838,3.800807706,44.6729718,30.47386148,17.82233732,2
0.411666667,0.47488,0.48754,9.48E-01,-0.757393599,-0.07303,0.07801,14.92349176,31.86697748,33.99522472,12.96566433,37.15987762,66.82583762,94.13770446,68.92117386,2
0.41,0.47362,0.48568,9.48E-01,-0.757393599,0.08922,0.01857,19.18809484,97.92032686,15.82141103,43.59516029,27.58710849,54.17103156,18.95000773,27.51732366,2
0.408333333,0.47224,0.48496,9.48E-01,-0.757393599,-0.0303,0.0699,58.01659587,67.75525582,12.63493504,36.4825811,50.32655184,26.47032414,67.67089684,87.28409727,2
0.406666667,0.47173,0.48223,9.48E-01,-0.757393599,-0.001,-0.06284,71.17627864,11.37504889,6.944472959,12.64226233,45.19578317,99.63672321,75.07690318,81.78514358,2
0.405,0.47038,0.48124,9.48E-01,-0.757393599,-0.04264,0.09411,32.52558496,54.01705408,22.94881486,68.50759548,31.28706502,58.79662704,3.790871928,31.00411549,2
0.403333333,0.46987,0.47935,9.47E-01,-0.757393599,0.07698,0.03957,14.58923874,99.45531845,32.97954904,98.53464615,36.02789898,97.22188484,75.51209084,1.668773065,2
0.401666667,0.46939,0.47836,9.47E-01,-0.757393599,0.09195,-0.03984,4.779139124,10.70307681,12.78227225,82.04056613,28.80316156,7.194133188,98.7107342,91.70584556,2
0.4,0.46909,0.47548,9.47E-01,-0.757393599,-0.02127,0.09325,16.00483843,97.8380764,8.850162929,39.44583353,7.597264396,32.72823606,29.29279273,54.25267392,2
0.398333333,0.4672,0.47419,9.47E-01,-0.757393599,-0.05394,0.05856,5.851479641,33.30097855,73.22223574,72.99712736,13.52909424,97.95381686,97.45493011,6.483390808,2
0.396666667,0.4642,0.47317,9.47E-01,-0.757393599,-0.07012,-0.02535,98.77392704,92.28581569,28.76655646,23.26588058,64.42797682,2.127794724,43.95880443,12.86099907,2
0.395,0.46363,0.47188,9.47E-01,-0.757393599,-0.08971,0.03497,96.7738222,87.10002195,45.29859931,8.322198934,64.87295035,30.84241362,56.77000296,48.59301394,2
0.393333333,0.46168,0.4696,9.46E-01,-0.757393599,-0.08889,-0.02299,15.73004322,95.48241237,1.564626465,82.10888034,51.66837456,58.95437415,75.90138842,4.525318758,2
0.391666667,0.46159,0.46777,9.46E-01,-0.757393599,0.09072,0.09889,99.68102317,3.400431807,45.16566718,53.30141556,35.60496341,79.0135899,1.689013965,63.52889045,2
0.39,0.4591,0.46729,9.46E-01,-0.757393599,0.06484,0.08035,27.77893551,11.81616338,29.35212825,31.28261421,43.64267728,21.35891725,19.3095899,71.80881858,2
0.388333333,0.45904,0.46477,9.46E-01,-0.757393599,0.00202,0.0604,66.76378181,87.81528959,54.36603481,52.18610006,86.07419055,97.65982391,52.12804089,52.6400843,2
0.386666667,0.45682,0.46183,9.46E-01,-0.757393599,-0.06314,0.08574,23.04261142,99.53998933,65.51259113,35.47293174,2.462181893,84.83016448,46.18110098,72.90963012,2
0.385,0.45655,0.46078,9.46E-01,-0.757393599,-0.08181,-0.00239,52.48409056,38.26309284,45.30669318,83.73116652,12.87676083,66.85969445,1.862966316,27.54577451,2
0.383333333,0.454,0.46048,9.45E-01,-0.757393599,0.03786,-0.0343,54.05364559,45.68994921,42.18391199,38.18578138,7.871421458,92.36504815,99.68941536,54.1090846,2
0.381666667,0.45235,0.45772,9.45E-01,-0.757394016,0.02633,-0.08165,71.37290618,71.5623599,10.04647872,14.6871546,78.75913273,86.49977421,43.3584228,98.84302735,2
0.38,0.44956,0.45565,9.45E-01,-0.757394016,0.04861,0.05765,90.52467934,81.18177843,5.494257661,16.75622113,77.13420542,50.64382129,31.86944295,88.21954063,2
0.378333333,0.44833,0.45319,9.45E-01,-0.757394016,-0.0967,-0.02863,53.83127676,69.50464811,4.333711569,66.64657108,84.79849272,22.06296303,7.076771154,46.25893186,2
0.376666667,0.44623,0.45121,9.45E-01,-0.757394016,-0.09068,0.06595,37.63405235,60.32246405,8.517128488,74.49390363,85.32788849,80.41005541,51.35256348,38.78699582,2
0.375,0.44614,0.44884,9.45E-01,-0.345469624,0.00471,0.05108,17.67258196,90.24192362,52.21318806,48.48518628,83.35825646,18.27673102,79.69234834,95.81188745,2
0.373333333,0.44575,0.44791,9.44E-01,0.17329666,-0.01773,0.00282,33.92720912,39.90922299,49.02178544,50.47590015,52.40480711,51.41426346,84.88417612,75.42478478,2
0.371666667,0.44425,0.44755,9.44E-01,0.726986229,-0.04297,0.09347,36.6545562,99.47011901,39.17302902,69.27530435,13.61038938,76.05633911,43.48363184,30.74444416,2
0.37,0.44227,0.4465,9.44E-01,1.245277166,-0.09344,0.08944,81.98702769,16.32771964,17.52603217,47.46711753,59.34599355,9.053777408,25.53156779,79.55329622,2
0.368333333,0.44023,0.44434,9.44E-01,1.52102375,-0.02105,0.03663,95.23570608,56.6998717,19.24944507,74.74637162,1.621508837,99.98783716,76.90552416,96.08646245,2
0.366666667,0.43873,0.4438,9.44E-01,1.520831466,0.0281,0.00932,76.56900881,55.40780174,79.44877912,5.627202565,19.9645934,42.7874658,8.282914765,24.03678396,2
0.365,0.43642,0.44155,9.44E-01,1.528440833,0.03663,-0.03145,47.35275443,2.960907844,24.74834502,83.34573055,71.56216262,49.50335782,97.10593027,87.80574815,2
0.363333333,0.43507,0.43948,9.44E-01,1.528127074,-0.04732,0.04375,18.77018058,42.82508322,98.96173575,34.69130036,17.19103384,27.0944117,2.222782842,58.67266879,2
0.361666667,0.43252,0.43843,9.44E-01,1.529141665,0.02645,0.02854,97.22879256,78.34027431,57.3203297,2.259274677,54.24261061,51.5887432,45.17242354,72.97824262,2
0.36,0.42973,0.43705,9.43E-01,1.529601455,0.04736,0.01361,44.91984629,78.2540649,67.66172033,52.07717946,7.474208836,39.61984693,72.90935699,66.39866465,2
0.358333333,0.427,0.43639,9.43E-01,1.528698444,0.05975,-0.07724,99.27432236,16.30061656,0.016034014,63.9654549,10.21894028,69.73883998,32.89310232,23.19108341,2
0.356666667,0.42562,0.43543,9.43E-01,1.539969325,0.05613,0.01621,56.05829639,40.17194763,18.56756867,90.82758555,74.27411582,86.85122795,29.53817995,72.60257275,2
0.355,0.42391,0.43456,9.43E-01,1.539591551,0.04473,-0.06748,11.99011755,19.93241982,31.78430283,28.33610016,58.69065628,3.419874343,77.77424897,87.20320373,2
0.353333333,0.42127,0.4324,9.43E-01,1.539998055,0.0316,0.09606,19.73311451,47.58624633,30.18746349,7.916008041,40.08775447,26.92057368,84.67467156,98.32351834,2
0.351666667,0.41908,0.43171,9.43E-01,1.541859746,-0.00405,-0.03077,94.70868641,5.944058055,70.58148538,43.14451389,17.65101858,63.09665094,60.49609999,50.76269677,2
0.35,0.41749,0.42964,9.42E-01,1.54925251,0.05518,0.01158,34.58172717,90.21159578,62.16436742,85.03107766,39.57766502,4.894608211,48.96835182,64.7851593,2
0.348333333,0.41518,0.42895,9.42E-01,1.555562735,0.0718,-0.0106,68.60629364,4.337995773,19.29272749,4.028168076,5.6594276,43.67880003,63.99368771,16.1728349,2
0.346666667,0.41314,0.42766,9.42E-01,1.558018327,-0.01835,0.01918,54.78758109,39.16784947,69.30198822,18.62103195,85.27217035,57.34592482,20.40087015,17.83419824,2
0.345,0.41188,0.42748,9.42E-01,1.570273399,-0.06165,0.0667,12.59527383,72.04433224,8.108308857,49.55809257,81.66285623,77.68195816,67.75159139,87.37377533,2
0.343333333,0.40948,0.42451,9.42E-01,1.574813366,0.00775,0.07302,75.69894724,9.835073155,20.46388547,76.81847592,49.04930608,83.10560269,93.6238611,60.78336352,2
0.341666667,0.40867,0.42226,9.42E-01,1.581485033,0.0293,0.09695,14.20264279,43.33663844,97.72829536,99.90099988,69.76563557,96.06063072,41.09204652,13.19540784,2
0.34,0.4063,0.42169,9.42E-01,1.597245216,0.00227,0.01132,28.16379868,19.04413327,79.41835838,41.55220631,35.47873947,11.0717914,63.72617325,38.42404067,2
0.338333333,0.40441,0.42013,9.42E-01,1.603543282,-0.07412,-0.08034,48.64591923,4.670412881,86.33971607,24.29952457,20.26359388,34.35048859,39.22914825,99.76629819,2
0.336666667,0.40414,0.4174,9.42E-01,1.611810803,-0.01763,-0.05588,56.91499706,7.510332427,33.26741293,17.51872344,26.21371496,97.46374789,60.29111901,17.35816383,2
0.335,0.40396,0.41677,9.41E-01,1.624225378,-0.04876,0.08018,22.11868995,77.08977621,51.50620594,33.16046671,74.64312328,92.15156406,21.72452498,0.130119866,2
0.333333333,0.40252,0.41605,9.41E-01,1.635091066,0.05628,-0.04358,30.24132878,47.96897343,23.46237256,86.37998415,86.04289226,50.88496676,40.39456041,85.3265006,2
0.331666667,0.4003,0.4135,9.41E-01,1.636003375,0.07258,0.00029,66.12303894,89.8039624,37.58539949,70.58873086,45.75268572,89.38096689,54.92376583,42.48400653,2
0.33,0.39928,0.41113,9.41E-01,1.635828972,0.03425,-0.06603,37.82629364,72.88272139,90.52192093,49.99342564,69.79463494,65.55048903,75.38346865,65.94284776,2
0.328333333,0.39796,0.40975,9.41E-01,1.635828972,-0.09345,-0.08215,41.82290046,68.51043305,69.44820135,48.10098449,52.54778887,23.61969722,82.52557471,11.49298713,2
0.326666667,0.39658,0.40759,9.41E-01,1.635828972,-0.0519,-0.00348,63.26109467,72.31842715,22.20701253,20.75080051,94.4982357,94.27872478,86.82513252,79.34133469,2
0.325,0.39577,0.40474,9.41E-01,1.635828972,0.03548,0.04354,42.73371702,26.75545665,31.633789,79.22932301,87.89506176,21.45915604,43.21636209,48.94071122,2
0.323333333,0.39331,0.4033,9.41E-01,1.635828972,-0.04172,0.02102,87.11493603,85.07814043,23.95842884,71.93286207,26.05309045,81.73920233,77.8822585,27.30837878,2
0.321666667,0.39178,0.40066,9.41E-01,1.635828972,-0.03976,-0.07116,49.06620952,24.13871877,3.156076473,57.55416589,35.51876264,44.44212768,92.4964057,23.13779167,2
0.32,0.39067,0.39799,9.41E-01,1.635828972,0.03489,-0.07432,65.46958531,67.05265735,42.83124094,44.4469401,17.2438842,29.24650747,77.03264996,32.70344988,2
0.318333333,0.3877,0.39646,9.40E-01,1.635828972,-0.075,0.04291,29.91396985,29.94068411,69.50799107,21.01968429,73.05797711,5.516359906,15.67535594,3.912435355,2
0.316666667,0.38737,0.39484,9.40E-01,1.635828972,0.06018,-0.08391,71.12742293,52.5646371,91.43552313,98.40617407,52.62953545,42.17082409,30.7003944,75.74830926,2
0.315,0.38647,0.39349,9.40E-01,1.635828972,0.07548,0.00539,14.45495252,15.80103886,4.466237269,79.02180093,52.87648694,60.38516604,84.83187579,10.46640786,2
0.313333333,0.38641,0.39061,9.40E-01,1.635828972,0.00234,-0.00364,38.06928977,13.69081776,3.934121185,47.71875409,59.11749762,57.02003892,54.24686303,44.43603522,2
0.311666667,0.38485,0.38794,9.40E-01,1.635828972,-0.07282,-0.00126,99.22858777,53.01570165,76.62209612,49.74210519,24.30894193,30.28292031,92.74832769,14.89438776,2
0.31,0.38428,0.38548,9.40E-01,1.635828972,-0.05937,-0.0283,48.68460757,5.677327644,40.87469418,14.31759402,57.63610386,18.29473816,88.60571117,61.56165264,2
0.308333333,0.38248,0.38404,9.40E-01,1.635828972,0.02727,-0.00203,17.2657629,78.33298409,64.51028024,42.02534745,2.848241127,43.17282659,49.6013204,17.18670991,2
0.306666667,0.3808,0.38155,9.40E-01,1.635828972,-0.02202,0.05157,67.52173834,21.04169649,60.18332303,31.46173318,78.46799313,54.28727074,22.93366447,46.87285153,2
0.305,0.37897,0.38002,9.40E-01,1.635828972,-0.04017,0.01148,49.57284609,63.13178547,7.517667013,60.82577154,53.61904269,74.43926501,10.67216816,10.33272332,2
0.303333333,0.3769,0.3796,9.39E-01,1.635828972,0.06665,0.04084,6.74416068,67.60140913,38.57735639,24.14786061,5.463480678,39.1870949,69.6890576,66.81648015,2
0.301666667,0.37612,0.37801,9.39E-01,1.635828972,-0.06577,0.01371,73.99935482,57.20228002,14.84200166,32.71978549,7.615371959,74.14818249,96.03006518,45.71401598,2
0.3,0.37612,0.37744,9.39E-01,1.635828972,0.08163,-0.03372,46.95496876,15.31838276,66.37606089,15.35679741,94.9710191,87.37415895,98.22138125,59.56775987,2
0.298333333,0.37381,0.37534,9.39E-01,1.635828972,-0.01217,0.05266,43.64092239,21.86007241,80.085354,84.6009497,78.77936158,87.4483416,11.37552347,56.37022079,2
0.296666667,0.37294,0.37486,9.39E-01,1.635828972,-0.05108,0.01658,11.09883454,66.492634,76.95594427,83.13002571,7.412599687,98.11461059,1.996190003,65.47802131,2
0.295,0.37147,0.37282,9.39E-01,1.635828972,0.03657,0.05183,84.39870911,18.8722983,51.48932437,33.65632949,85.99843746,41.91652106,96.48581771,4.152266537,2
0.293333333,0.36934,0.37108,9.39E-01,1.635828972,-0.00003,-0.08119,68.72533196,22.36711157,44.42499097,5.742141039,57.73370001,97.41606562,1.347729191,10.35031791,2
0.291666667,0.36826,0.36997,9.38E-01,1.635828972,-0.07876,-0.05052,55.13164613,58.10330059,55.44119329,96.30275193,42.86799488,84.73297449,31.81157009,78.85427068,2
0.29,0.3661,0.36886,9.38E-01,1.635828972,-0.08007,0.05534,32.37150483,20.95685259,72.32655851,65.40655776,43.79954313,73.39790599,55.82978347,85.89547576,2
0.288333333,0.36343,0.36835,9.38E-01,1.635828972,0.00296,0.01012,0.812993256,9.449784637,13.29832861,10.3642579,46.72173202,30.59039581,98.88770764,91.968515,2
0.286666667,0.36229,0.36805,9.38E-01,1.635828972,-0.04159,0.07737,7.637003197,70.16434977,21.75428024,54.42639396,69.32256328,67.17618906,16.38307674,83.44798426,2
0.285,0.36211,0.36682,9.38E-01,1.635828972,-0.03398,-0.02581,71.25551481,51.11578898,92.06917162,32.27905666,77.93280629,98.11736667,23.51747399,18.40972794,2
0.283333333,0.36166,0.36529,9.38E-01,1.635828972,0.01394,0.05414,15.17405391,31.89786719,85.38309833,79.64321767,26.29701063,5.200606705,63.7319818,55.20161619,2
0.281666667,0.36091,0.36331,9.38E-01,1.635828972,0.04295,0.05295,94.86844203,50.14940827,50.24221086,14.94668075,87.96190723,64.25583174,85.30558771,99.74759958,2
0.28,0.35974,0.36325,9.37E-01,2.012381077,-0.01044,-0.00113,25.57909462,49.35801513,55.7507827,69.69517203,53.75591478,15.24685524,2.034505788,66.95806822,2
0.278333333,0.35713,0.36103,9.37E-01,2.529466867,-0.00691,0.00544,91.96718726,88.18678626,58.09672723,34.22203464,77.66069041,36.15028807,83.98456572,67.70967327,2
0.276666667,0.35671,0.36061,9.37E-01,3.024610758,-0.07531,0.04759,90.08798514,56.76037364,30.78486695,40.46652745,79.28675724,89.38276518,3.560023654,74.69519621,2
0.275,0.35443,0.35962,9.37E-01,-3.078692913,-0.02697,-0.01746,84.40961028,44.29940843,32.17850155,19.67010477,5.118469427,29.17406158,7.87231284,50.11822295,2
0.273333333,0.35302,0.35824,9.37E-01,-3.077731848,-0.00957,-0.02055,62.69082277,68.33290578,25.71736782,22.21734489,67.52654049,75.99273314,68.88569785,92.65684788,2
0.271666667,0.35296,0.35677,9.37E-01,-3.072197914,0.06544,-0.03702,38.68052061,54.11430262,49.90890272,37.39103234,47.70827883,80.56314078,86.85677817,41.09239983,2
0.27,0.35206,0.35434,9.37E-01,-3.065182924,-0.00194,0.0449,22.45429119,45.32591702,96.44769434,5.501348072,25.97592795,88.37067547,41.9552301,35.03645253,2
0.268333333,0.34951,0.35338,9.36E-01,-3.061297894,0.09823,-0.05768,63.0093459,11.85879053,4.718559649,73.38615546,57.53174169,64.33055672,4.148164903,96.52338512,2
0.266666667,0.34702,0.35038,9.36E-01,-3.052762985,0.03511,-0.00077,75.90714384,19.26884412,81.46748905,4.014262594,83.629486,2.349208941,92.67539361,97.86068989,2
0.265,0.34678,0.349,9.36E-01,-3.039495707,-0.02381,0.02293,75.02406526,97.49822334,75.16176965,48.55611189,1.411990506,46.15468888,56.96608419,68.85668092,2
0.263333333,0.34393,0.34873,9.36E-01,-3.039717913,-0.08771,0.02759,72.69932851,26.00550911,94.08925934,75.30676082,54.59587412,19.58617464,45.23926302,50.89129215,2
0.261666667,0.3436,0.34717,9.36E-01,-3.039717913,-0.01783,-0.09487,65.80639938,35.75239365,49.6443338,75.27848278,86.480694,61.28429289,0.165755568,78.4534019,2
0.26,0.34297,0.34474,9.35E-01,-3.039717913,0.06977,-0.09017,88.63832343,56.98631248,45.91212591,27.84620635,28.40207431,37.69481359,80.96150409,75.35741116,2
0.258333333,0.34243,0.34432,9.35E-01,-3.039717913,-0.03543,-0.04586,32.13999449,1.690161907,76.88934041,80.71774888,60.51540349,98.83166607,50.34838628,51.69196959,2
0.256666667,0.34096,0.34195,9.35E-01,-3.039717913,0.08531,0.02305,25.91719907,7.457515068,63.76047764,43.57404434,26.21685201,45.27875542,64.4135291,25.12554585,2
0.255,0.33802,0.34069,9.35E-01,-3.039717913,0.0585,-0.09796,1.867974947,48.95828005,27.92655735,14.65338658,33.33329578,2.833723529,87.13474492,3.760579959,2
0.253333333,0.33748,0.34042,9.35E-01,-3.039717913,0.04988,0.03278,67.27137918,99.37107768,20.25186913,81.90533571,7.344469389,73.74005635,85.34001432,90.69504225,2
0.251666667,0.33475,0.33748,9.35E-01,-3.039717913,0.06076,-0.09998,24.17284497,1.643096314,51.89217794,99.53671683,24.18905893,18.61025787,52.33965653,22.77231457,2
0.25,0.33466,0.33655,9.35E-01,-3.039717913,-0.03234,0.07704,34.83891947,62.88328126,96.34915857,96.71699706,71.29449687,35.34818235,2.689713389,7.18780187,2
0.248333333,0.33463,0.33484,9.34E-01,-3.039717913,-0.03253,-0.04282,83.96686252,55.72484809,8.360516504,14.81482963,72.53511292,70.79553744,20.12056187,79.48081136,2
0.246666667,0.33337,0.33391,9.34E-01,-3.032895327,-0.00348,0.0428,54.41841777,5.831373181,32.30106778,1.390339139,23.66710672,80.53950509,31.71552515,3.952445858,2
0.245,0.33238,0.3331,9.34E-01,-3.024396181,-0.07117,0.04101,21.54927508,37.08458815,41.07912035,28.17506481,48.80481214,85.33975165,95.63654583,30.80261912,2
0.243333333,0.33001,0.33076,9.34E-01,-3.017760515,-0.00447,0.09421,58.59589558,24.46195646,80.38504152,65.8125549,64.65231563,72.34496923,37.6899471,96.27902756,2
0.241666667,0.32986,0.32878,9.34E-01,-3.017760515,0.09466,-0.03623,86.82623651,30.56417656,76.459164,57.88493833,98.23638297,1.104248628,2.825298571,64.53899575,2
0.24,0.32776,0.32749,9.34E-01,-3.070107222,0.04796,0.01173,39.03931784,34.88448235,36.03574961,90.17270644,0.745202577,29.92772586,52.24747059,24.4946886,2
0.238333333,0.32629,0.3259,9.33E-01,-3.081924677,0.0833,-0.00177,35.7085914,76.55386492,29.47951293,54.8250559,45.06890616,78.7087163,28.40192081,94.89060436,2
0.236666667,0.32602,0.32305,9.33E-01,2.631240606,-0.02986,-0.09439,41.22005837,17.85688265,1.130989471,94.7984044,69.77117561,85.57583085,46.96256819,45.86620266,2
0.235,0.32539,0.32215,9.33E-01,3.084067583,0.08346,0.00875,38.44091191,60.1186399,20.77690038,81.32312991,77.71300401,54.61938537,40.32852326,1.289826428,2
0.233333333,0.32341,0.31951,9.33E-01,-3.003284216,0.01285,0.06935,89.38427078,55.82614137,32.87808794,30.92319035,79.81593078,30.92866104,4.267481717,61.75682217,2
0.231666667,0.32263,0.31723,9.33E-01,-2.995043278,-0.01098,-0.09888,50.65100074,11.00826264,33.51327339,23.14084417,14.96314876,55.55622076,88.52344081,80.33726538,2
0.23,0.32038,0.31696,9.33E-01,-2.98542738,0.00405,-0.09799,77.96385659,92.80363397,41.82569417,10.85592021,69.63881797,80.56526525,92.15191433,97.04246168,2
0.228333333,0.31978,0.31591,9.33E-01,-2.975999594,0.09329,0.0432,26.7237495,41.63932997,31.12775808,68.91359726,62.31958801,13.51878705,32.64732631,25.72505288,2
0.226666667,0.31855,0.3148,9.33E-01,-2.977487803,-0.01869,-0.03471,39.52553883,41.81544738,44.1583883,78.50489615,82.68119704,83.58828143,6.999610806,47.75169855,2
0.225,0.31696,0.31249,9.33E-01,-2.977487803,-0.05563,-0.04095,91.34973617,7.706389388,17.77737089,8.548164719,61.55629416,88.16266049,55.64745555,35.25680411,2
0.223333333,0.31654,0.31183,9.32E-01,-2.574518442,0.01251,0.07368,94.26687479,10.36791501,96.88538702,73.53202875,66.04776487,6.653861651,38.07893164,10.88003153,2
0.221666667,0.31495,0.31036,9.32E-01,-2.309246778,-0.01587,0.06572,1.56251719,42.17817335,52.96091829,86.50123517,52.8130936,9.778229784,39.28716556,54.32258168,2
0.22,0.31285,0.30829,9.32E-01,-2.308171988,0.05631,0.09221,83.65577423,89.05136374,74.36276304,0.493767063,14.53910085,32.75908444,90.39985192,38.72174133,2
0.218333333,0.31222,0.3064,9.32E-01,-2.294377089,-0.01896,-0.00867,71.82300657,51.79028534,74.67854874,30.4428266,86.65452663,59.6368725,46.83747282,82.57820648,2
0.216666667,0.30943,0.30364,9.32E-01,-2.28849864,0.08734,0.01128,75.95190779,81.81332642,72.11502986,23.21066016,67.28903435,56.23296905,74.35376883,76.77887712,2
0.215,0.30709,0.30091,9.31E-01,-2.27532196,-0.01672,0.06178,12.68293142,34.3280497,11.87006231,2.014979071,91.58771445,66.3622536,88.8044885,79.80966454,2
0.213333333,0.30607,0.30079,9.31E-01,-2.277920008,-0.02982,0.06643,32.5603029,17.35541978,65.46857973,85.67749485,90.51064047,66.65053259,79.7534535,99.659912,2
0.211666667,0.30409,0.29842,9.31E-01,-2.27776742,0.09438,0.07302,75.20290808,97.30423955,82.3512442,18.22354646,5.208562693,82.09711526,15.85133433,99.88479881,2
0.21,0.30319,0.2959,9.31E-01,-2.27776742,0.05663,0.07676,93.7207584,16.75855738,65.71910125,68.00772538,70.3512963,45.11421945,28.88918542,67.51650046,2
0.208333333,0.30121,0.2944,9.31E-01,-2.27776742,-0.05257,-0.05967,22.19279482,82.58115948,52.7591487,6.712211952,69.32508474,71.51676941,83.37370998,54.05647633,2
0.206666667,0.30058,0.29152,9.31E-01,-2.27776742,-0.07531,-0.0256,82.28214172,98.71058817,18.46586672,23.30093909,1.415329187,16.01757248,37.06905323,80.94689922,2
0.205,0.29959,0.28951,9.31E-01,-2.27776742,0.06633,-0.0608,70.57025167,97.79289208,83.41672012,80.53677782,64.29799636,53.33665014,43.64232504,38.63910783,2
0.203333333,0.2986,0.28756,9.30E-01,-2.27776742,-0.06144,0.07868,47.72541302,10.2580483,52.78468516,11.77775566,51.31252976,17.63213426,95.96170774,90.60569103,2
0.201666667,0.29695,0.28756,9.30E-01,-2.27776742,0.08458,0.08156,92.67996545,12.70759703,43.10549666,39.75313313,31.61868941,94.09218274,55.07100509,67.96825573,2
0.2,0.29527,0.28528,9.30E-01,-2.27776742,-0.07509,0.01943,7.34572595,80.39386954,36.91222194,15.21110628,33.81751628,56.32784215,39.54401395,7.900453909,2
0.198333333,0.29302,0.28399,9.30E-01,-2.27776742,-0.04416,-0.03248,25.66502155,89.41516551,97.00031532,97.32077559,53.47347093,64.1947552,36.33891023,7.459847706,2
0.196666667,0.29275,0.28234,9.30E-01,-2.12825346,-0.07501,0.01565,15.96973711,85.34761097,90.64249585,56.69760599,29.79419294,85.42164328,94.62316892,98.78770463,2
0.195,0.29206,0.28009,9.30E-01,-2.12578249,-0.04927,0.05902,55.39823619,97.71083061,25.51507551,61.37774795,94.39327371,94.0476478,71.40866411,7.77823369,2
0.193333333,0.28981,0.27961,9.30E-01,-1.565934181,0.09823,0.04687,22.74116718,80.6828448,36.91449097,78.01582337,37.3605619,43.04634268,24.03176974,64.25322995,2
0.191666667,0.28705,0.27688,9.30E-01,-2.010591745,-0.01217,-0.09366,51.40850112,73.01149884,84.60157516,47.53898583,53.50287711,60.5352281,87.79114,9.444137072,2
0.19,0.28585,0.27427,9.30E-01,-2.226855516,0.00436,-0.00092,82.63599314,28.96616723,77.62028671,81.35792055,16.95054754,82.65095762,27.73088416,42.98271343,2
0.188333333,0.28558,0.27418,9.29E-01,-2.235717297,-0.00072,-0.02438,49.83247611,36.43060488,19.34848023,98.38606013,61.94272017,63.30293147,12.2689091,97.89067928,2
0.186666667,0.28507,0.27397,9.29E-01,-2.250452757,-0.03849,-0.02284,46.54151797,44.945789,62.65363975,37.37027286,81.45607906,97.34597639,77.80850517,67.60811023,2
0.185,0.28369,0.27121,9.29E-01,-2.249042273,-0.08883,-0.0092,79.66359884,5.152950164,45.37592345,22.59047659,40.61073946,52.39319622,41.45916643,39.75743763,2
0.183333333,0.28324,0.27085,9.29E-01,-2.249697924,-0.03249,0.05878,63.15465546,39.99243651,27.33367649,66.48751295,52.13250546,46.2435829,42.73756358,46.47471215,2
0.181666667,0.28147,0.27079,9.29E-01,-2.249680996,0.0206,0.07144,44.71017571,99.07950908,84.58590593,92.45934962,34.8442597,43.42027977,4.131537869,4.180198392,2
0.18,0.27997,0.26794,9.29E-01,-2.249682665,-0.03367,-0.07972,85.68757091,94.86699375,48.39979228,26.36996328,2.324028881,69.40680374,87.25910242,97.46231321,2
0.178333333,0.27703,0.26644,9.29E-01,-2.249682665,-0.05299,0.01159,88.88667116,85.14714532,82.16449168,32.31265064,0.935043182,52.30038555,96.03235705,62.72938745,2
0.176666667,0.2752,0.26347,9.29E-01,-2.249682903,-0.05313,0.09954,1.223957627,87.71337618,73.41737464,6.494786782,93.36175014,41.46460171,71.74069012,1.809218041,2
0.175,0.27319,0.26098,9.28E-01,-2.249682903,-0.07401,-0.04894,28.95645672,87.44301812,93.44841458,14.90544772,7.574875882,22.13488433,83.50741948,72.53086036,2
0.173333333,0.27157,0.26044,9.28E-01,-2.249682903,0.07206,0.03404,30.82635681,98.50782412,71.59518186,5.434056087,17.09955428,30.52111326,9.400936874,64.47121288,2
0.171666667,0.27094,0.25984,9.28E-01,-2.249682903,0.0978,-0.01206,43.32316667,24.50704188,66.71508995,6.388717541,96.51611539,68.10976257,76.7795188,82.95393167,2
0.17,0.26884,0.2569,9.28E-01,-2.249682903,-0.0951,-0.00113,64.57236456,48.31139435,82.01880972,27.22844958,67.16217901,96.22516181,51.64996508,11.90870845,2
0.168333333,0.26785,0.25504,9.28E-01,-2.249682903,0.04078,-0.05112,79.35735014,40.18607838,75.5286629,29.43342528,7.474775295,93.51181953,48.83964241,22.08328953,2
0.166666667,0.26632,0.25495,9.27E-01,-2.249683142,-0.01626,0.07335,61.57227838,57.10088099,70.59126035,51.30637688,73.94304987,94.20160671,92.66366244,70.3606197,2
0.165,0.26503,0.25426,9.27E-01,-2.249683142,-0.06531,-0.05312,66.87726474,48.1525581,36.85817677,50.16809811,60.52027748,58.37359229,59.73854596,37.53576716,2
0.163333333,0.26206,0.25198,9.27E-01,-2.249683142,0.05417,-0.09955,4.530363924,68.86801515,40.00225552,69.17425495,77.73863717,97.24666132,10.07612458,42.17649948,2
0.161666667,0.26005,0.25156,9.27E-01,-2.249683142,-0.00788,-0.03625,92.27268568,15.82424894,97.7647781,0.41300893,81.74235106,69.74824828,76.98798562,25.36779001,2
0.16,0.25789,0.25135,9.27E-01,-2.249683142,-0.04475,0.03417,71.09134674,78.67404238,91.87217627,25.07802834,66.39519477,20.11353912,10.69725221,28.51210458,2
0.158333333,0.25654,0.25024,9.27E-01,-2.249683142,-0.05621,-0.08055,2.921674934,3.354151521,10.1708784,34.46655512,69.15777134,24.99522768,0.164602244,50.72113746,2
0.156666667,0.25519,0.24754,9.27E-01,-2.249683142,-0.06193,-0.05228,25.07514672,82.5783074,49.89025805,83.48999899,62.14093852,19.4852834,69.86575034,87.83765178,2
0.155,0.25318,0.24733,9.26E-01,-2.249683142,-0.01189,-0.0782,39.4741845,4.228627729,80.56253129,86.97527485,66.76128419,10.84715143,6.694682227,6.196115787,2
0.153333333,0.25024,0.24571,9.26E-01,-2.249683142,-0.03486,0.00887,13.28082011,17.84002296,42.24200639,58.59781922,23.92064809,92.02665987,98.18109782,73.52565124,2
0.151666667,0.24922,0.24388,9.26E-01,-2.249683142,-0.06592,-0.04354,45.14418087,24.95808291,54.31626465,36.04762814,55.84347114,13.7306584,0.318378053,67.99938242,2
0.15,0.24922,0.24145,9.26E-01,-2.249683142,-0.06678,0.07155,63.64422206,47.67682104,15.04284905,29.99049151,69.66499549,61.83264982,91.05213619,90.21913889,2
0.148333333,0.24697,0.23899,9.26E-01,-2.249683142,0.03943,0.01588,66.53766641,72.29145565,0.384014909,60.79813266,26.40821644,54.40075168,8.066820206,20.75442702,2
0.146666667,0.24535,0.23683,9.26E-01,-2.246932268,0.08853,-0.01614,56.17658167,36.56302776,84.70510204,52.59860708,49.41846646,2.242842435,71.3138991,25.04815162,2
0.145,0.24304,0.23545,9.26E-01,-2.249567986,-0.00823,0.01144,31.20172335,84.97239773,78.71074872,7.133892174,65.86513596,60.77900449,40.33688771,94.89287746,2
0.143333333,0.24238,0.23296,9.25E-01,-2.250014782,-0.06766,-0.00085,22.42753211,84.04748314,51.33857756,41.35190354,4.243132511,15.23313034,29.04582327,73.18096228,2
0.141666667,0.23971,0.2302,9.25E-01,-2.246651649,-0.02827,0.0031,56.89159383,97.55016866,73.98514469,31.47874431,27.37695113,61.49028437,58.64153978,93.19737183,2
0.14,0.23758,0.22885,9.25E-01,-2.246903896,-0.06297,0.01575,18.89616523,81.41856454,19.77008739,37.29395787,49.65254892,9.916833019,57.90781445,89.17265194,2
0.138333333,0.23584,0.22723,9.25E-01,-1.733602047,-0.01377,-0.09511,49.36498879,12.45489539,85.70203515,17.90981564,16.70718453,54.24704115,0.907030514,83.19816065,2
0.136666667,0.23383,0.22483,9.25E-01,-1.693184614,-0.09915,0.07406,56.61684958,40.91154518,43.52325858,45.19270215,9.896429312,19.04316391,31.62210431,2.319523914,2
0.135,0.23173,0.22417,9.24E-01,-1.693184614,-0.04791,-0.07926,87.30576439,34.22435574,39.8332317,62.98882996,14.72972515,48.43193457,79.27990822,89.40509472,2
0.133333333,0.23005,0.22348,9.24E-01,-1.612895727,-0.05075,0.08521,7.438440505,87.70187866,70.79335671,39.99173046,86.14905824,63.11592596,9.14115089,25.27619059,2
0.131666667,0.22723,0.22177,9.24E-01,-1.611678243,0.02882,0.09245,66.49020631,20.38157936,7.979159272,71.45982864,51.13603901,92.06923075,29.43121391,41.76063274,2
0.13,0.22492,0.21937,9.24E-01,-1.611618161,-0.04765,-0.01355,80.64746535,90.25421094,50.9809467,20.80561039,96.82224612,91.78600614,34.4900496,74.20692005,2
0.128333333,0.22276,0.21643,9.24E-01,-1.611618161,0.0687,0.09429,82.95356847,27.36694737,61.0888455,72.8443219,70.64781935,28.21827062,83.4336182,7.910059853,2
0.126666667,0.22207,0.2143,9.24E-01,-1.611618161,0.02523,-0.0234,77.32724539,49.22823337,30.91126419,6.771966871,44.12870936,84.37982691,12.54896896,28.87126617,2
0.125,0.22105,0.21319,9.24E-01,-1.611618161,-0.02262,0.04614,2.199797846,48.09375718,85.0588615,4.233321154,79.19035523,75.54728189,72.53912707,13.08134048,2
0.123333333,0.21931,0.21286,9.24E-01,-1.611618161,0.05305,0.06179,14.86016577,93.92904576,4.877747617,23.88614936,94.42765695,68.90445094,73.45552813,61.95904293,2
0.121666667,0.21676,0.21124,9.24E-01,-1.611618161,0.05234,0.097,68.92159667,63.37678171,32.09545512,6.017474327,49.41514708,60.550983,30.73197575,1.839064173,2
0.12,0.21562,0.20899,9.23E-01,-1.611618161,-0.08605,0.0216,55.49195243,96.69205956,13.64185251,39.59249429,62.56886652,7.444924109,90.69908603,44.85430002,2
0.118333333,0.21538,0.20692,9.23E-01,-1.611618161,-0.02184,0.0062,92.4874723,40.31831734,45.25808983,25.27879905,92.32191826,70.46114362,68.25869535,55.70445648,2
0.116666667,0.21355,0.20638,9.23E-01,-1.611618161,0.09888,-0.06067,51.31512911,83.02173965,47.83859563,72.86726169,72.86947332,74.05365788,87.72914904,68.3802643,2
0.115,0.21238,0.20599,9.23E-01,-1.611618161,-0.01124,0.00343,56.68311649,53.56575119,84.66729593,1.067800742,47.06778694,4.931540159,52.99627433,74.40039916,2
0.113333333,0.21199,0.20497,9.23E-01,-1.611567378,0.08043,0.0668,10.15142351,90.20855096,77.41008045,51.12603859,81.10358259,15.44472119,55.62972806,67.64622668,2
0.111666667,0.2098,0.2026,9.23E-01,-1.610292077,0.06273,0.03862,74.13094697,38.84617964,39.59130626,50.26405963,27.15664945,25.76111139,19.67502963,76.90865191,2
0.11,0.20872,0.1999,9.22E-01,-1.601624012,0.07259,0.08296,36.54364435,7.166283811,78.28473998,65.94369808,35.62462591,61.87818932,55.0959472,0.441120166,2
0.108333333,0.20806,0.19729,9.22E-01,-1.602261305,0.02349,0.00206,46.58260154,23.30997912,75.44913609,47.54399818,26.8912177,24.9429883,87.02547015,36.01405503,2
0.106666667,0.20671,0.19438,9.22E-01,-1.595682144,-0.03357,0.03835,19.74450843,99.07716644,66.86404989,81.85972982,87.0951217,36.32895788,95.31829582,84.04240033,2
0.105,0.20449,0.19159,9.22E-01,-1.590116501,-0.09709,-0.02233,76.27933253,8.238036117,17.43793921,33.44334826,17.42679298,98.0133715,51.9456022,48.4138324,2
0.103333333,0.20296,0.18907,9.22E-01,-1.571564078,0.07984,-0.02652,71.8755231,98.05238577,93.18115988,61.62048789,89.15312602,90.61392798,10.72173047,70.26698947,2
0.101666667,0.20182,0.1885,9.22E-01,-1.571609735,0.09957,-0.05141,44.39933076,94.34646236,17.5707713,57.62009313,35.71114315,20.89171048,46.22520533,86.56095635,2
0.1,0.20008,0.18679,9.22E-01,-1.563624382,-0.0675,0.0053,39.22243636,75.90422787,72.31374776,72.76791209,93.94290516,4.165074635,45.29300881,22.91076544,2
0.098333333,0.20002,0.18613,9.21E-01,-1.551271439,0.05339,-0.06775,27.47076183,48.13594936,2.648498677,8.527631162,32.16843315,86.99259074,32.53516617,79.17649634,2
0.096666667,0.1996,0.18562,9.21E-01,-1.550985217,-0.07198,0.00671,55.02308786,40.42427592,7.120221987,24.59533444,55.17689143,99.63020689,80.57100269,9.510244386,2
0.095,0.19792,0.1834,9.21E-01,-1.550985217,0.0753,-0.06516,27.10141617,47.18479537,39.64051845,53.60152007,72.33304236,73.9422877,41.70231365,38.65314215,2
0.093333333,0.19777,0.18097,9.21E-01,-1.550985217,-0.06636,-0.01713,44.35000257,71.99917468,28.52606211,28.35432403,86.59396007,99.90572514,94.13143667,47.65730279,2
0.091666667,0.19666,0.1798,9.21E-01,-1.550985217,0.00076,-0.04126,85.8332395,10.64885154,39.77582708,4.243926982,52.48003206,13.34509118,52.65057449,7.665218933,2
0.09,0.19471,0.17782,9.21E-01,-1.550985217,0.00077,0.00264,72.50337098,80.30353588,98.61654549,25.83512428,26.22359598,19.30002721,45.69382877,66.69900462,2
0.088333333,0.19195,0.17536,9.20E-01,-1.550985217,0.02877,-0.01584,13.83020566,15.09167371,78.37750897,16.15447537,44.68057181,41.93026285,27.27187669,22.19264812,2
0.086666667,0.1903,0.17524,9.20E-01,-1.550985217,0.09353,-0.09207,15.64354104,12.37033936,8.514867192,50.84427037,17.85007334,94.93467588,74.58681998,35.68195693,2
0.085,0.18841,0.17521,9.20E-01,-1.550985217,-0.05711,0.04211,34.84858751,13.65155085,38.27786968,77.53499259,55.57369655,80.97595987,21.65940824,40.02668513,2
0.083333333,0.18742,0.17356,9.20E-01,-1.550985217,0.03589,0.00926,46.36692486,31.61983984,63.6767754,44.39404398,89.80676822,97.64235378,50.25900209,15.3016758,2
0.081666667,0.18463,0.17101,9.20E-01,-1.550985217,0.08078,0.09625,46.49258032,6.901801765,72.43008505,28.0538062,6.123166425,78.0092418,98.8733929,84.65268075,2
0.08,0.1837,0.17101,9.19E-01,-1.550985217,-0.08328,0.08395,36.29846533,78.07955051,34.88323366,81.34394131,93.09839918,72.53700368,58.27018857,85.5633544,2
0.078333333,0.1822,0.16885,9.19E-01,-1.550985217,0.02251,0.08609,19.04192538,56.38427051,78.3844749,38.66899983,1.949260018,62.1878064,2.780051222,90.2551962,2
0.076666667,0.18031,0.16735,9.19E-01,-1.550985217,-0.09676,-0.01654,16.62688302,85.95870015,3.023866316,88.67533064,93.41002348,48.8854636,74.76359911,6.954834094,2
0.075,0.17824,0.1666,9.19E-01,-1.550985217,-0.04514,-0.01782,14.70268922,97.50355853,32.08129643,74.58662523,79.7114598,33.8267841,6.867611225,29.78521505,2
0.073333333,0.17692,0.16456,9.19E-01,-1.550985217,0.04976,-0.04606,46.47379064,25.27577759,88.04378013,28.53367969,12.18606471,91.68812848,3.996335917,39.95327335,2
0.071666667,0.17485,0.16249,9.19E-01,-1.550985217,0.02546,0.0993,57.44067412,42.40585976,89.63102365,36.15635865,8.27919747,18.93403511,20.45590075,41.63972923,2
0.07,0.1747,0.16105,9.19E-01,-1.550985217,-0.06445,0.0607,79.22742706,23.78031961,17.10129798,25.69465216,95.43475216,35.11348018,88.6001371,52.13447883,2
0.068333333,0.17416,0.15952,9.18E-01,-1.550985217,0.08141,0.06213,20.95407123,14.18241636,17.70711271,49.85119012,86.883362,94.77121826,95.76048645,52.98771337,2
0.066666667,0.17143,0.15784,9.18E-01,-1.550985217,0.00181,0.01982,58.735939,69.91586205,67.8369873,34.16298897,51.07953966,20.22005451,23.78020404,71.04983905,2
0.065,0.17083,0.15487,9.18E-01,-1.550985217,0.06267,0.00049,65.79796596,80.58128507,13.50542159,70.71089528,36.15154162,28.97715944,29.05120055,65.78471463,2
0.063333333,0.17041,0.15361,9.18E-01,-1.550985217,-0.07952,-0.05226,37.99820174,74.41528593,69.35754879,80.31040384,40.59207086,69.10139119,77.36463,89.81835526,2
0.061666667,0.1687,0.1525,9.18E-01,-1.550985217,-0.02404,0.09475,61.45527637,48.08768565,76.60132533,86.28304192,77.97234817,70.47063394,44.64565405,47.50073544,2
0.06,0.16735,0.15244,9.18E-01,-1.550985217,-0.05001,-0.00545,40.80949612,92.97022991,67.04594913,47.14227145,66.91538244,8.912917195,39.26317795,0.132946174,2
0.058333333,0.16507,0.15241,9.17E-01,-1.550985217,-0.05586,0.00978,64.97141775,37.59779685,56.80712543,25.15379872,78.30241179,91.40228905,10.38086517,7.498810419,2
0.056666667,0.1642,0.15052,9.17E-01,-1.550985217,-0.06543,-0.00176,9.490787664,99.56334284,21.90986793,23.44236579,9.237791621,82.88669824,65.63854531,70.09857582,2
0.055,0.16141,0.14899,9.17E-01,-1.550985217,-0.05911,0.0111,56.28317463,30.23029844,94.70297167,3.121867746,25.60560837,77.93073796,66.39152364,55.90195329,2
0.053333333,0.15967,0.1489,9.17E-01,-1.550985217,-0.01842,-0.01788,2.575744887,85.92641461,20.55285942,44.59785294,77.24333636,29.77105202,19.01233574,24.92284723,2
0.051666667,0.15811,0.14761,9.17E-01,-1.550985217,0.06973,-0.05656,30.66985469,24.91469369,31.15003469,29.73292173,78.87411003,54.0394993,93.07136882,19.91905434,2
0.05,0.157,0.14551,9.17E-01,-1.550985217,0.07425,0.00686,59.1933949,81.69356746,72.33864244,98.46183004,34.57748537,7.152662478,41.29083477,72.2732789,2
0.048333333,0.15445,0.1435,9.17E-01,-1.550985217,-0.0366,-0.05587,95.51933911,85.29221089,93.46433141,19.43718403,18.7180873,24.10983476,73.8366925,67.35668222,2
0.046666667,0.15217,0.14233,9.16E-01,-1.550985217,-0.01133,-0.07142,13.81978427,65.46548338,18.78472482,95.79259613,5.209134544,46.59748158,83.14919294,18.65197371,2
0.045,0.15007,0.142,9.16E-01,-1.550985217,-0.09346,-0.07792,87.2977359,48.60914173,11.73181663,63.21219693,26.02030856,17.23280901,31.16831235,36.54729902,2
0.043333333,0.14917,0.14083,9.16E-01,-1.550985217,0.07481,-0.08835,34.21116745,51.72278936,98.99309992,41.59074737,70.79282403,23.63904396,73.79128803,19.93382699,2
0.041666667,0.14872,0.14017,9.16E-01,-1.550985217,-0.02783,0.05284,20.52846749,66.30004968,87.85950084,84.64424764,30.06785128,97.65815025,79.04832054,85.61622478,2
0.04,0.14779,0.14017,9.16E-01,-1.550985217,-0.08361,0.08788,98.14573534,74.30407212,34.64349764,71.60756875,87.10588843,99.81440137,20.91534112,4.960728153,2
0.038333333,0.14641,0.13792,9.15E-01,-1.550985217,-0.01805,0.02484,84.22351545,14.64544212,37.69294052,65.41175165,30.19653977,47.35729517,51.45532344,71.36686649,2
0.036666667,0.14446,0.13555,9.15E-01,-1.550985217,0.05964,0.04746,42.62879111,77.52283587,96.8858746,20.76705059,58.95389314,41.33158954,57.82541877,99.05019096,2
0.035,0.14257,0.13417,9.15E-01,-1.550985217,-0.00718,-0.01747,14.04944614,75.45210584,85.24137528,82.26877284,59.56998259,61.20316695,57.39039663,10.01403843,2
0.033333333,0.14059,0.13354,9.15E-01,-1.550985217,-0.02074,0.06064,23.77936744,0.905116097,50.21734249,29.39621814,27.94212029,24.95622026,39.06191807,43.33451675,2
0.031666667,0.13822,0.13123,9.15E-01,-1.550985217,0.03058,-0.01192,6.073375444,57.27809596,84.33864107,50.10226101,17.87193921,54.11218815,5.841610146,15.70022945,2
0.03,0.13531,0.12895,9.15E-01,-1.550985217,0.09849,-0.01833,52.35026534,28.39182312,61.46119214,23.7150614,80.91616865,53.12768165,66.0641164,41.58437564,2
0.028333333,0.133,0.12796,9.14E-01,-1.550985217,-0.04175,0.08347,43.89001424,35.71167339,25.13086592,72.16418694,23.68734421,93.4868918,84.21677489,86.95539469,2
0.026666667,0.13279,0.12631,9.14E-01,-1.550985217,-0.01031,-0.08066,3.679994348,45.19415173,3.898524578,30.52579559,4.300547807,26.12704344,37.84105007,58.29034264,2
0.025,0.13099,0.1237,9.14E-01,-1.550985217,0.00719,0.07144,0.600605101,9.3802391,39.53309142,63.71254304,18.82226329,81.5353535,76.42046173,7.500341598,2
0.023333333,0.13024,0.12145,9.14E-01,-1.550985217,0.06006,-0.02006,55.99988767,26.57397317,4.365249816,99.32506371,15.7391771,42.09988402,74.30005743,24.88973285,2
0.021666667,0.12979,0.12067,9.14E-01,-1.550985217,-0.04507,0.07695,27.83876597,39.90208304,21.68753717,73.93333703,19.89175023,27.72294634,75.20093057,77.89778299,2
0.02,0.127,0.1186,9.14E-01,-1.550985217,0.08272,0.09366,56.82954422,99.69614803,3.134669974,89.15062349,24.78831324,2.939509805,6.260808056,86.97672359,2
0.018333333,0.12508,0.11725,9.13E-01,-1.550985217,-0.02351,-0.00494,31.88857223,84.17770882,35.55830482,35.53971845,93.87248085,94.4974236,79.43430126,86.00030898,2
0.016666667,0.12211,0.11626,9.13E-01,-1.550985217,-0.09817,-0.03315,14.5267443,74.4148616,64.51092575,58.75768512,2.599649516,95.75013414,36.67844029,48.10836013,2
0.015,0.11935,0.11332,9.13E-01,-1.550985217,-0.01536,0.07613,81.30162172,3.715438613,63.09878067,71.66580212,4.492726591,88.9961472,24.43646965,51.03402171,2
0.013333333,0.11749,0.11251,9.13E-01,-1.550985217,-0.05112,-0.02887,31.20252875,47.11023244,33.50283081,60.26459057,63.11013937,33.05455359,64.43029648,43.91317483,2
0.011666667,0.11449,0.11197,9.13E-01,-1.550985217,0.0819,-0.06125,17.55647834,52.2282914,60.1001279,49.24423884,8.038652757,84.47285893,54.70603646,55.12775426,2
0.01,0.11305,0.11185,9.13E-01,-1.550985217,-0.00397,-0.00355,4.846585568,36.29621986,22.42045908,27.78550466,50.36926959,18.05124549,66.11693816,2.663215612,2
0.008333333,0.1123,0.10963,9.13E-01,-1.550985217,0.02831,0.02711,64.41613091,51.92104609,24.65366661,77.61829939,22.75969818,2.128038679,77.29558679,27.26965129,2